[
{
  "model": "auth.user",
  "fields": {
    "password": "pbkdf2_sha256$1200000$hZO4WgC9uJF5jjTus9s65E$fEqUb4SmUissuzyaJ0+SzQs2ORxOXwCuRmDzKt5fm6o=",
    "last_login": null,
    "is_superuser": true,
    "username": "admin",
    "first_name": "",
    "last_name": "",
    "email": "",
    "is_staff": true,
    "is_active": true,
    "date_joined": "2026-03-04T11:58:26.562Z",
    "groups": [],
    "user_permissions": []
  }
},
{
  "model": "auth.user",
  "fields": {
    "password": "pbkdf2_sha256$1200000$NtWwvHTAPbLLJ8h9tdWLcj$yJcL2t82nnq6pgxTtWefw3J9CNFJ6pt1Mb3/H9GkZI8=",
    "last_login": null,
    "is_superuser": false,
    "username": "architect",
    "first_name": "",
    "last_name": "",
    "email": "",
    "is_staff": false,
    "is_active": true,
    "date_joined": "2026-03-04T11:58:28.351Z",
    "groups": [],
    "user_permissions": []
  }
},
{
  "model": "auth.user",
  "fields": {
    "password": "pbkdf2_sha256$1200000$w9zNJODptgcqFIfjW9f8L6$GA1cppmf51baf1Xz085xOqy5Ry8NcB/pP7uWnMYmvhw=",
    "last_login": null,
    "is_superuser": false,
    "username": "director",
    "first_name": "",
    "last_name": "",
    "email": "",
    "is_staff": false,
    "is_active": true,
    "date_joined": "2026-03-04T11:58:29.881Z",
    "groups": [],
    "user_permissions": []
  }
},
{
  "model": "auth.user",
  "fields": {
    "password": "pbkdf2_sha256$1200000$TSrfJTg1YIPBZFUrAraPXU$hUyvKE7STxRMB/T+EERAQ98dzaTGjrJMiihGSww6Fb8=",
    "last_login": null,
    "is_superuser": false,
    "username": "project_manager",
    "first_name": "",
    "last_name": "",
    "email": "",
    "is_staff": false,
    "is_active": true,
    "date_joined": "2026-03-04T11:58:31.366Z",
    "groups": [],
    "user_permissions": []
  }
},
{
  "model": "auth.user",
  "fields": {
    "password": "pbkdf2_sha256$1200000$7HYqeuA2KfSyRyRGuyEGLX$xe0bHOxXw0VEjMKwZvM/uPhebhHPmdwHEzTPnvNouIU=",
    "last_login": null,
    "is_superuser": false,
    "username": "analyst",
    "first_name": "",
    "last_name": "",
    "email": "",
    "is_staff": false,
    "is_active": true,
    "date_joined": "2026-03-04T11:58:32.803Z",
    "groups": [],
    "user_permissions": []
  }
},
{
  "model": "auth.user",
  "fields": {
    "password": "pbkdf2_sha256$1200000$99YOGoZkjwv4bwebiC46rS$ZdVrinKUDVXRBLx/CIAS03N0TlOcluP5Hf773j+mG8I=",
    "last_login": null,
    "is_superuser": false,
    "username": "viewer",
    "first_name": "",
    "last_name": "",
    "email": "",
    "is_staff": false,
    "is_active": true,
    "date_joined": "2026-03-04T11:58:34.172Z",
    "groups": [],
    "user_permissions": []
  }
},
{
  "model": "auth.user",
  "fields": {
    "password": "pbkdf2_sha256$1200000$dTqMpDMJJASZ0paIfMuNrN$El5A1C15APJP/r5AkIYyHvXUoPYe9sMMJtzbvib99kM=",
    "last_login": null,
    "is_superuser": false,
    "username": "owner",
    "first_name": "",
    "last_name": "",
    "email": "",
    "is_staff": false,
    "is_active": true,
    "date_joined": "2026-03-11T04:14:14.415Z",
    "groups": [],
    "user_permissions": []
  }
},
{
  "model": "auth.user",
  "fields": {
    "password": "pbkdf2_sha256$1200000$rhoJpKCTKcxbRMkZKLkRp3$9B/Ig+q47fB0Mp7sNnqkKuUBzbOPEb2lEMRDLNAwzCE=",
    "last_login": null,
    "is_superuser": false,
    "username": "editor",
    "first_name": "",
    "last_name": "",
    "email": "",
    "is_staff": false,
    "is_active": true,
    "date_joined": "2026-03-11T04:14:15.633Z",
    "groups": [],
    "user_permissions": []
  }
},
{
  "model": "auth.user",
  "fields": {
    "password": "pbkdf2_sha256$1200000$ajo6RodUZGvmrEes7Ivisg$h26auRWxme+WcIzMeVPWqDajRtAjNIf8m3luuZEmRxk=",
    "last_login": null,
    "is_superuser": false,
    "username": "guest",
    "first_name": "",
    "last_name": "",
    "email": "",
    "is_staff": false,
    "is_active": true,
    "date_joined": "2026-03-11T04:14:16.614Z",
    "groups": [],
    "user_permissions": []
  }
},
{
  "model": "technologies.technology",
  "pk": 1,
  "fields": {
    "name": "Технология 1",
    "description": "Описание технологии 1",
    "primary_block": 1,
    "legacy_function": "",
    "trl_stage": 3,
    "status": "planned",
    "market_examples": [
      "Пример внедрения 1"
    ],
    "documentation_files": [
      "Файл документации 1",
      "Файл документации 2",
      "Файл документации 3"
    ],
    "created_at": "2026-03-04T11:59:25.505Z",
    "updated_at": "2026-03-16T07:03:09.574Z"
  }
},
{
  "model": "technologies.technology",
  "pk": 2,
  "fields": {
    "name": "Технология 2",
    "description": "Описание технологии 2",
    "primary_block": 2,
    "legacy_function": "",
    "trl_stage": 2,
    "status": "planned",
    "market_examples": [
      "Пример внедрения 2"
    ],
    "documentation_files": [
      "Файл документации 1",
      "Файл документации 2",
      "Файл документации 3"
    ],
    "created_at": "2026-03-04T11:59:25.575Z",
    "updated_at": "2026-03-16T07:03:09.635Z"
  }
},
{
  "model": "technologies.technology",
  "pk": 3,
  "fields": {
    "name": "Технология 3",
    "description": "Описание технологии 3",
    "primary_block": 3,
    "legacy_function": "",
    "trl_stage": 1,
    "status": "planned",
    "market_examples": [
      "Пример внедрения 3"
    ],
    "documentation_files": [
      "Файл документации 1",
      "Файл документации 2",
      "Файл документации 3"
    ],
    "created_at": "2026-03-04T11:59:25.674Z",
    "updated_at": "2026-03-16T07:03:09.659Z"
  }
},
{
  "model": "technologies.technology",
  "pk": 4,
  "fields": {
    "name": "Технология 4",
    "description": "Описание технологии 4",
    "primary_block": 8,
    "legacy_function": "",
    "trl_stage": 3,
    "status": "planned",
    "market_examples": [
      "Пример внедрения 4"
    ],
    "documentation_files": [
      "Файл документации 1",
      "Файл документации 2",
      "Файл документации 3"
    ],
    "created_at": "2026-03-04T11:59:25.721Z",
    "updated_at": "2026-03-16T07:03:09.675Z"
  }
},
{
  "model": "technologies.technology",
  "pk": 5,
  "fields": {
    "name": "Технология 5",
    "description": "Описание технологии 2",
    "primary_block": 11,
    "legacy_function": "",
    "trl_stage": 2,
    "status": "planned",
    "market_examples": [
      "Пример внедрения 5"
    ],
    "documentation_files": [
      "Файл документации 1",
      "Файл документации 2",
      "Файл документации 3"
    ],
    "created_at": "2026-03-04T11:59:25.792Z",
    "updated_at": "2026-03-16T07:03:09.716Z"
  }
},
{
  "model": "technologies.technology",
  "pk": 6,
  "fields": {
    "name": "Технология 6",
    "description": "Описание технологии 6",
    "primary_block": 13,
    "legacy_function": "",
    "trl_stage": 1,
    "status": "planned",
    "market_examples": [
      "Пример внедрения 6"
    ],
    "documentation_files": [
      "Файл документации 1",
      "Файл документации 2",
      "Файл документации 3"
    ],
    "created_at": "2026-03-04T11:59:25.848Z",
    "updated_at": "2026-03-16T07:03:09.744Z"
  }
},
{
  "model": "technologies.technology",
  "pk": 7,
  "fields": {
    "name": "Технология 7",
    "description": "Описание технологии 7",
    "primary_block": 22,
    "legacy_function": "",
    "trl_stage": 3,
    "status": "planned",
    "market_examples": [
      "Пример внедрения 7"
    ],
    "documentation_files": [
      "Файл документации 1",
      "Файл документации 2",
      "Файл документации 3"
    ],
    "created_at": "2026-03-04T11:59:25.884Z",
    "updated_at": "2026-03-16T07:03:09.758Z"
  }
},
{
  "model": "technologies.technology",
  "pk": 8,
  "fields": {
    "name": "Технология 8",
    "description": "Описание технологии 8",
    "primary_block": 18,
    "legacy_function": "",
    "trl_stage": 2,
    "status": "planned",
    "market_examples": [
      "Пример внедрения 8"
    ],
    "documentation_files": [
      "Файл документации 1",
      "Файл документации 2",
      "Файл документации 3"
    ],
    "created_at": "2026-03-04T11:59:25.917Z",
    "updated_at": "2026-03-16T07:03:09.784Z"
  }
},
{
  "model": "technologies.technology",
  "pk": 9,
  "fields": {
    "name": "Технология 9",
    "description": "Описание технологии 9",
    "primary_block": 19,
    "legacy_function": "",
    "trl_stage": 1,
    "status": "planned",
    "market_examples": [
      "Пример внедрения 9"
    ],
    "documentation_files": [
      "Файл документации 1",
      "Файл документации 2",
      "Файл документации 3"
    ],
    "created_at": "2026-03-04T11:59:25.972Z",
    "updated_at": "2026-03-16T07:03:09.809Z"
  }
},
{
  "model": "technologies.technology",
  "pk": 10,
  "fields": {
    "name": "Технология 10",
    "description": "Описание технологии 10",
    "primary_block": 20,
    "legacy_function": "",
    "trl_stage": 3,
    "status": "planned",
    "market_examples": [
      "Пример внедрения 10"
    ],
    "documentation_files": [
      "Файл документации 1",
      "Файл документации 2",
      "Файл документации 3"
    ],
    "created_at": "2026-03-04T11:59:25.996Z",
    "updated_at": "2026-03-16T07:03:09.821Z"
  }
},
{
  "model": "technologies.technology",
  "pk": 11,
  "fields": {
    "name": "Технология 11",
    "description": "Описание технологии 11",
    "primary_block": 21,
    "legacy_function": "",
    "trl_stage": 2,
    "status": "planned",
    "market_examples": [
      "Пример внедрения 11"
    ],
    "documentation_files": [
      "Файл документации 1",
      "Файл документации 2",
      "Файл документации 3"
    ],
    "created_at": "2026-03-04T11:59:26.084Z",
    "updated_at": "2026-03-16T07:03:09.847Z"
  }
},
{
  "model": "technologies.technology",
  "pk": 12,
  "fields": {
    "name": "Технология 12",
    "description": "Описание технологии 12",
    "primary_block": 24,
    "legacy_function": "",
    "trl_stage": 1,
    "status": "planned",
    "market_examples": [
      "Пример внедрения 12"
    ],
    "documentation_files": [
      "Файл документации 1",
      "Файл документации 2",
      "Файл документации 3"
    ],
    "created_at": "2026-03-04T11:59:26.159Z",
    "updated_at": "2026-03-16T07:03:09.874Z"
  }
},
{
  "model": "technologies.technology",
  "pk": 14,
  "fields": {
    "name": "Manual Tech Bulk New",
    "description": "авмва",
    "primary_block": 1,
    "legacy_function": "Буровые работы",
    "trl_stage": 3,
    "status": "Существующие",
    "market_examples": [],
    "documentation_files": [
      "draft vectors digital.pdf"
    ],
    "created_at": "2026-03-05T03:48:19.315Z",
    "updated_at": "2026-03-05T10:50:04.790Z"
  }
},
{
  "model": "technologies.technology",
  "pk": 24,
  "fields": {
    "name": "Приоор",
    "description": "вамыва",
    "primary_block": 1,
    "legacy_function": "Буровые работы",
    "trl_stage": 2,
    "status": "Внедрена",
    "market_examples": [
      "вамыва"
    ],
    "documentation_files": [],
    "created_at": "2026-03-10T05:23:33.285Z",
    "updated_at": "2026-03-10T05:24:01.182Z"
  }
},
{
  "model": "technologies.technologyblock",
  "pk": 298,
  "fields": {
    "technology": 14,
    "block": 1
  }
},
{
  "model": "technologies.technologyblock",
  "pk": 329,
  "fields": {
    "technology": 24,
    "block": 1
  }
},
{
  "model": "technologies.technologyblock",
  "pk": 351,
  "fields": {
    "technology": 1,
    "block": 1
  }
},
{
  "model": "technologies.technologyblock",
  "pk": 352,
  "fields": {
    "technology": 2,
    "block": 2
  }
},
{
  "model": "technologies.technologyblock",
  "pk": 353,
  "fields": {
    "technology": 3,
    "block": 3
  }
},
{
  "model": "technologies.technologyblock",
  "pk": 354,
  "fields": {
    "technology": 3,
    "block": 4
  }
},
{
  "model": "technologies.technologyblock",
  "pk": 355,
  "fields": {
    "technology": 4,
    "block": 8
  }
},
{
  "model": "technologies.technologyblock",
  "pk": 356,
  "fields": {
    "technology": 4,
    "block": 9
  }
},
{
  "model": "technologies.technologyblock",
  "pk": 357,
  "fields": {
    "technology": 5,
    "block": 11
  }
},
{
  "model": "technologies.technologyblock",
  "pk": 358,
  "fields": {
    "technology": 5,
    "block": 12
  }
},
{
  "model": "technologies.technologyblock",
  "pk": 359,
  "fields": {
    "technology": 6,
    "block": 13
  }
},
{
  "model": "technologies.technologyblock",
  "pk": 360,
  "fields": {
    "technology": 7,
    "block": 22
  }
},
{
  "model": "technologies.technologyblock",
  "pk": 361,
  "fields": {
    "technology": 8,
    "block": 18
  }
},
{
  "model": "technologies.technologyblock",
  "pk": 362,
  "fields": {
    "technology": 9,
    "block": 19
  }
},
{
  "model": "technologies.technologyblock",
  "pk": 363,
  "fields": {
    "technology": 10,
    "block": 20
  }
},
{
  "model": "technologies.technologyblock",
  "pk": 364,
  "fields": {
    "technology": 10,
    "block": 25
  }
},
{
  "model": "technologies.technologyblock",
  "pk": 365,
  "fields": {
    "technology": 11,
    "block": 21
  }
},
{
  "model": "technologies.technologyblock",
  "pk": 366,
  "fields": {
    "technology": 12,
    "block": 24
  }
},
{
  "model": "technologies.technologyfunctioncoverage",
  "pk": 945,
  "fields": {
    "technology": 14,
    "function": 6
  }
},
{
  "model": "technologies.technologyfunctioncoverage",
  "pk": 1055,
  "fields": {
    "technology": 24,
    "function": 6
  }
},
{
  "model": "technologies.technologyfunctioncoverage",
  "pk": 1056,
  "fields": {
    "technology": 24,
    "function": 8
  }
},
{
  "model": "technologies.technologyfunctioncoverage",
  "pk": 1057,
  "fields": {
    "technology": 24,
    "function": 11
  }
},
{
  "model": "technologies.technologyfunctioncoverage",
  "pk": 1058,
  "fields": {
    "technology": 24,
    "function": 7
  }
},
{
  "model": "technologies.technologyfunctioncoverage",
  "pk": 1059,
  "fields": {
    "technology": 24,
    "function": 5
  }
},
{
  "model": "technologies.technologyfunctioncoverage",
  "pk": 1060,
  "fields": {
    "technology": 24,
    "function": 10
  }
},
{
  "model": "technologies.technologyfunctioncoverage",
  "pk": 1061,
  "fields": {
    "technology": 24,
    "function": 9
  }
},
{
  "model": "technologies.technologyfunctioncoverage",
  "pk": 1151,
  "fields": {
    "technology": 1,
    "function": 5
  }
},
{
  "model": "technologies.technologyfunctioncoverage",
  "pk": 1152,
  "fields": {
    "technology": 1,
    "function": 6
  }
},
{
  "model": "technologies.technologyfunctioncoverage",
  "pk": 1153,
  "fields": {
    "technology": 1,
    "function": 7
  }
},
{
  "model": "technologies.technologyfunctioncoverage",
  "pk": 1154,
  "fields": {
    "technology": 1,
    "function": 8
  }
},
{
  "model": "technologies.technologyfunctioncoverage",
  "pk": 1155,
  "fields": {
    "technology": 1,
    "function": 9
  }
},
{
  "model": "technologies.technologyfunctioncoverage",
  "pk": 1156,
  "fields": {
    "technology": 1,
    "function": 10
  }
},
{
  "model": "technologies.technologyfunctioncoverage",
  "pk": 1157,
  "fields": {
    "technology": 1,
    "function": 11
  }
},
{
  "model": "technologies.technologyfunctioncoverage",
  "pk": 1158,
  "fields": {
    "technology": 2,
    "function": 12
  }
},
{
  "model": "technologies.technologyfunctioncoverage",
  "pk": 1159,
  "fields": {
    "technology": 2,
    "function": 13
  }
},
{
  "model": "technologies.technologyfunctioncoverage",
  "pk": 1160,
  "fields": {
    "technology": 2,
    "function": 14
  }
},
{
  "model": "technologies.technologyfunctioncoverage",
  "pk": 1161,
  "fields": {
    "technology": 2,
    "function": 15
  }
},
{
  "model": "technologies.technologyfunctioncoverage",
  "pk": 1162,
  "fields": {
    "technology": 3,
    "function": 20
  }
},
{
  "model": "technologies.technologyfunctioncoverage",
  "pk": 1163,
  "fields": {
    "technology": 3,
    "function": 21
  }
},
{
  "model": "technologies.technologyfunctioncoverage",
  "pk": 1164,
  "fields": {
    "technology": 3,
    "function": 22
  }
},
{
  "model": "technologies.technologyfunctioncoverage",
  "pk": 1165,
  "fields": {
    "technology": 3,
    "function": 23
  }
},
{
  "model": "technologies.technologyfunctioncoverage",
  "pk": 1166,
  "fields": {
    "technology": 3,
    "function": 24
  }
},
{
  "model": "technologies.technologyfunctioncoverage",
  "pk": 1167,
  "fields": {
    "technology": 3,
    "function": 128
  }
},
{
  "model": "technologies.technologyfunctioncoverage",
  "pk": 1168,
  "fields": {
    "technology": 4,
    "function": 42
  }
},
{
  "model": "technologies.technologyfunctioncoverage",
  "pk": 1169,
  "fields": {
    "technology": 4,
    "function": 43
  }
},
{
  "model": "technologies.technologyfunctioncoverage",
  "pk": 1170,
  "fields": {
    "technology": 4,
    "function": 44
  }
},
{
  "model": "technologies.technologyfunctioncoverage",
  "pk": 1171,
  "fields": {
    "technology": 4,
    "function": 45
  }
},
{
  "model": "technologies.technologyfunctioncoverage",
  "pk": 1172,
  "fields": {
    "technology": 4,
    "function": 46
  }
},
{
  "model": "technologies.technologyfunctioncoverage",
  "pk": 1173,
  "fields": {
    "technology": 4,
    "function": 47
  }
},
{
  "model": "technologies.technologyfunctioncoverage",
  "pk": 1174,
  "fields": {
    "technology": 4,
    "function": 48
  }
},
{
  "model": "technologies.technologyfunctioncoverage",
  "pk": 1175,
  "fields": {
    "technology": 5,
    "function": 49
  }
},
{
  "model": "technologies.technologyfunctioncoverage",
  "pk": 1176,
  "fields": {
    "technology": 5,
    "function": 50
  }
},
{
  "model": "technologies.technologyfunctioncoverage",
  "pk": 1177,
  "fields": {
    "technology": 5,
    "function": 56
  }
},
{
  "model": "technologies.technologyfunctioncoverage",
  "pk": 1178,
  "fields": {
    "technology": 5,
    "function": 57
  }
},
{
  "model": "technologies.technologyfunctioncoverage",
  "pk": 1179,
  "fields": {
    "technology": 5,
    "function": 58
  }
},
{
  "model": "technologies.technologyfunctioncoverage",
  "pk": 1180,
  "fields": {
    "technology": 6,
    "function": 64
  }
},
{
  "model": "technologies.technologyfunctioncoverage",
  "pk": 1181,
  "fields": {
    "technology": 6,
    "function": 65
  }
},
{
  "model": "technologies.technologyfunctioncoverage",
  "pk": 1182,
  "fields": {
    "technology": 7,
    "function": 125
  }
},
{
  "model": "technologies.technologyfunctioncoverage",
  "pk": 1183,
  "fields": {
    "technology": 7,
    "function": 126
  }
},
{
  "model": "technologies.technologyfunctioncoverage",
  "pk": 1184,
  "fields": {
    "technology": 7,
    "function": 127
  }
},
{
  "model": "technologies.technologyfunctioncoverage",
  "pk": 1185,
  "fields": {
    "technology": 8,
    "function": 98
  }
},
{
  "model": "technologies.technologyfunctioncoverage",
  "pk": 1186,
  "fields": {
    "technology": 8,
    "function": 99
  }
},
{
  "model": "technologies.technologyfunctioncoverage",
  "pk": 1187,
  "fields": {
    "technology": 8,
    "function": 100
  }
},
{
  "model": "technologies.technologyfunctioncoverage",
  "pk": 1188,
  "fields": {
    "technology": 8,
    "function": 101
  }
},
{
  "model": "technologies.technologyfunctioncoverage",
  "pk": 1189,
  "fields": {
    "technology": 8,
    "function": 102
  }
},
{
  "model": "technologies.technologyfunctioncoverage",
  "pk": 1190,
  "fields": {
    "technology": 8,
    "function": 103
  }
},
{
  "model": "technologies.technologyfunctioncoverage",
  "pk": 1191,
  "fields": {
    "technology": 9,
    "function": 109
  }
},
{
  "model": "technologies.technologyfunctioncoverage",
  "pk": 1192,
  "fields": {
    "technology": 9,
    "function": 110
  }
},
{
  "model": "technologies.technologyfunctioncoverage",
  "pk": 1193,
  "fields": {
    "technology": 10,
    "function": 112
  }
},
{
  "model": "technologies.technologyfunctioncoverage",
  "pk": 1194,
  "fields": {
    "technology": 10,
    "function": 113
  }
},
{
  "model": "technologies.technologyfunctioncoverage",
  "pk": 1195,
  "fields": {
    "technology": 10,
    "function": 114
  }
},
{
  "model": "technologies.technologyfunctioncoverage",
  "pk": 1196,
  "fields": {
    "technology": 10,
    "function": 130
  }
},
{
  "model": "technologies.technologyfunctioncoverage",
  "pk": 1197,
  "fields": {
    "technology": 10,
    "function": 131
  }
},
{
  "model": "technologies.technologyfunctioncoverage",
  "pk": 1198,
  "fields": {
    "technology": 11,
    "function": 119
  }
},
{
  "model": "technologies.technologyfunctioncoverage",
  "pk": 1199,
  "fields": {
    "technology": 11,
    "function": 120
  }
},
{
  "model": "technologies.technologyfunctioncoverage",
  "pk": 1200,
  "fields": {
    "technology": 11,
    "function": 121
  }
},
{
  "model": "technologies.technologyfunctioncoverage",
  "pk": 1201,
  "fields": {
    "technology": 11,
    "function": 123
  }
},
{
  "model": "technologies.technologyfunctioncoverage",
  "pk": 1202,
  "fields": {
    "technology": 12,
    "function": 1
  }
},
{
  "model": "technologies.technologydirection",
  "pk": 230,
  "fields": {
    "technology": 14,
    "direction": 1
  }
},
{
  "model": "technologies.technologydirection",
  "pk": 257,
  "fields": {
    "technology": 24,
    "direction": 2
  }
},
{
  "model": "technologies.technologydirection",
  "pk": 275,
  "fields": {
    "technology": 1,
    "direction": 1
  }
},
{
  "model": "technologies.technologydirection",
  "pk": 276,
  "fields": {
    "technology": 2,
    "direction": 1
  }
},
{
  "model": "technologies.technologydirection",
  "pk": 277,
  "fields": {
    "technology": 3,
    "direction": 1
  }
},
{
  "model": "technologies.technologydirection",
  "pk": 278,
  "fields": {
    "technology": 4,
    "direction": 2
  }
},
{
  "model": "technologies.technologydirection",
  "pk": 279,
  "fields": {
    "technology": 5,
    "direction": 2
  }
},
{
  "model": "technologies.technologydirection",
  "pk": 280,
  "fields": {
    "technology": 6,
    "direction": 2
  }
},
{
  "model": "technologies.technologydirection",
  "pk": 281,
  "fields": {
    "technology": 7,
    "direction": 3
  }
},
{
  "model": "technologies.technologydirection",
  "pk": 282,
  "fields": {
    "technology": 8,
    "direction": 3
  }
},
{
  "model": "technologies.technologydirection",
  "pk": 283,
  "fields": {
    "technology": 9,
    "direction": 3
  }
},
{
  "model": "technologies.technologydirection",
  "pk": 284,
  "fields": {
    "technology": 10,
    "direction": 4
  }
},
{
  "model": "technologies.technologydirection",
  "pk": 285,
  "fields": {
    "technology": 11,
    "direction": 4
  }
},
{
  "model": "technologies.technologydirection",
  "pk": 286,
  "fields": {
    "technology": 12,
    "direction": 4
  }
},
{
  "model": "technologies.technologyvendor",
  "pk": 76,
  "fields": {
    "technology": 14,
    "vendor": 15
  }
},
{
  "model": "technologies.technologyvendor",
  "pk": 103,
  "fields": {
    "technology": 24,
    "vendor": 25
  }
},
{
  "model": "technologies.technologyvendor",
  "pk": 125,
  "fields": {
    "technology": 1,
    "vendor": 18
  }
},
{
  "model": "technologies.technologyvendor",
  "pk": 126,
  "fields": {
    "technology": 1,
    "vendor": 19
  }
},
{
  "model": "technologies.technologyvendor",
  "pk": 127,
  "fields": {
    "technology": 1,
    "vendor": 20
  }
},
{
  "model": "technologies.technologyvendor",
  "pk": 128,
  "fields": {
    "technology": 1,
    "vendor": 21
  }
},
{
  "model": "technologies.technologyvendor",
  "pk": 129,
  "fields": {
    "technology": 2,
    "vendor": 20
  }
},
{
  "model": "technologies.technologyvendor",
  "pk": 130,
  "fields": {
    "technology": 2,
    "vendor": 21
  }
},
{
  "model": "technologies.technologyvendor",
  "pk": 131,
  "fields": {
    "technology": 4,
    "vendor": 18
  }
},
{
  "model": "technologies.technologyvendor",
  "pk": 132,
  "fields": {
    "technology": 4,
    "vendor": 19
  }
},
{
  "model": "technologies.technologyvendor",
  "pk": 133,
  "fields": {
    "technology": 4,
    "vendor": 20
  }
},
{
  "model": "technologies.technologyvendor",
  "pk": 134,
  "fields": {
    "technology": 4,
    "vendor": 21
  }
},
{
  "model": "technologies.technologyvendor",
  "pk": 135,
  "fields": {
    "technology": 5,
    "vendor": 20
  }
},
{
  "model": "technologies.technologyvendor",
  "pk": 136,
  "fields": {
    "technology": 5,
    "vendor": 21
  }
},
{
  "model": "technologies.technologyvendor",
  "pk": 137,
  "fields": {
    "technology": 7,
    "vendor": 18
  }
},
{
  "model": "technologies.technologyvendor",
  "pk": 138,
  "fields": {
    "technology": 8,
    "vendor": 20
  }
},
{
  "model": "technologies.technologyvendor",
  "pk": 139,
  "fields": {
    "technology": 8,
    "vendor": 21
  }
},
{
  "model": "technologies.technologyvendor",
  "pk": 140,
  "fields": {
    "technology": 10,
    "vendor": 18
  }
},
{
  "model": "technologies.technologyvendor",
  "pk": 141,
  "fields": {
    "technology": 10,
    "vendor": 19
  }
},
{
  "model": "technologies.technologyvendor",
  "pk": 142,
  "fields": {
    "technology": 10,
    "vendor": 20
  }
},
{
  "model": "technologies.technologyvendor",
  "pk": 143,
  "fields": {
    "technology": 10,
    "vendor": 21
  }
},
{
  "model": "technologies.technologyvendor",
  "pk": 144,
  "fields": {
    "technology": 11,
    "vendor": 20
  }
},
{
  "model": "technologies.technologyvendor",
  "pk": 145,
  "fields": {
    "technology": 11,
    "vendor": 21
  }
},
{
  "model": "technologies.technologyvendorintegrator",
  "pk": 179,
  "fields": {
    "technology_vendor": 103,
    "integrator": 14
  }
},
{
  "model": "technologies.technologyvendorintegrator",
  "pk": 222,
  "fields": {
    "technology_vendor": 125,
    "integrator": 1
  }
},
{
  "model": "technologies.technologyvendorintegrator",
  "pk": 223,
  "fields": {
    "technology_vendor": 125,
    "integrator": 2
  }
},
{
  "model": "technologies.technologyvendorintegrator",
  "pk": 224,
  "fields": {
    "technology_vendor": 126,
    "integrator": 3
  }
},
{
  "model": "technologies.technologyvendorintegrator",
  "pk": 225,
  "fields": {
    "technology_vendor": 126,
    "integrator": 4
  }
},
{
  "model": "technologies.technologyvendorintegrator",
  "pk": 226,
  "fields": {
    "technology_vendor": 127,
    "integrator": 5
  }
},
{
  "model": "technologies.technologyvendorintegrator",
  "pk": 227,
  "fields": {
    "technology_vendor": 127,
    "integrator": 6
  }
},
{
  "model": "technologies.technologyvendorintegrator",
  "pk": 228,
  "fields": {
    "technology_vendor": 128,
    "integrator": 7
  }
},
{
  "model": "technologies.technologyvendorintegrator",
  "pk": 229,
  "fields": {
    "technology_vendor": 128,
    "integrator": 8
  }
},
{
  "model": "technologies.technologyvendorintegrator",
  "pk": 230,
  "fields": {
    "technology_vendor": 129,
    "integrator": 2
  }
},
{
  "model": "technologies.technologyvendorintegrator",
  "pk": 231,
  "fields": {
    "technology_vendor": 129,
    "integrator": 5
  }
},
{
  "model": "technologies.technologyvendorintegrator",
  "pk": 232,
  "fields": {
    "technology_vendor": 130,
    "integrator": 2
  }
},
{
  "model": "technologies.technologyvendorintegrator",
  "pk": 233,
  "fields": {
    "technology_vendor": 130,
    "integrator": 4
  }
},
{
  "model": "technologies.technologyvendorintegrator",
  "pk": 234,
  "fields": {
    "technology_vendor": 131,
    "integrator": 1
  }
},
{
  "model": "technologies.technologyvendorintegrator",
  "pk": 235,
  "fields": {
    "technology_vendor": 131,
    "integrator": 2
  }
},
{
  "model": "technologies.technologyvendorintegrator",
  "pk": 236,
  "fields": {
    "technology_vendor": 132,
    "integrator": 3
  }
},
{
  "model": "technologies.technologyvendorintegrator",
  "pk": 237,
  "fields": {
    "technology_vendor": 132,
    "integrator": 4
  }
},
{
  "model": "technologies.technologyvendorintegrator",
  "pk": 238,
  "fields": {
    "technology_vendor": 133,
    "integrator": 5
  }
},
{
  "model": "technologies.technologyvendorintegrator",
  "pk": 239,
  "fields": {
    "technology_vendor": 133,
    "integrator": 6
  }
},
{
  "model": "technologies.technologyvendorintegrator",
  "pk": 240,
  "fields": {
    "technology_vendor": 134,
    "integrator": 7
  }
},
{
  "model": "technologies.technologyvendorintegrator",
  "pk": 241,
  "fields": {
    "technology_vendor": 134,
    "integrator": 8
  }
},
{
  "model": "technologies.technologyvendorintegrator",
  "pk": 242,
  "fields": {
    "technology_vendor": 135,
    "integrator": 2
  }
},
{
  "model": "technologies.technologyvendorintegrator",
  "pk": 243,
  "fields": {
    "technology_vendor": 135,
    "integrator": 5
  }
},
{
  "model": "technologies.technologyvendorintegrator",
  "pk": 244,
  "fields": {
    "technology_vendor": 136,
    "integrator": 2
  }
},
{
  "model": "technologies.technologyvendorintegrator",
  "pk": 245,
  "fields": {
    "technology_vendor": 136,
    "integrator": 4
  }
},
{
  "model": "technologies.technologyvendorintegrator",
  "pk": 246,
  "fields": {
    "technology_vendor": 137,
    "integrator": 1
  }
},
{
  "model": "technologies.technologyvendorintegrator",
  "pk": 247,
  "fields": {
    "technology_vendor": 137,
    "integrator": 2
  }
},
{
  "model": "technologies.technologyvendorintegrator",
  "pk": 248,
  "fields": {
    "technology_vendor": 138,
    "integrator": 2
  }
},
{
  "model": "technologies.technologyvendorintegrator",
  "pk": 249,
  "fields": {
    "technology_vendor": 138,
    "integrator": 5
  }
},
{
  "model": "technologies.technologyvendorintegrator",
  "pk": 250,
  "fields": {
    "technology_vendor": 139,
    "integrator": 2
  }
},
{
  "model": "technologies.technologyvendorintegrator",
  "pk": 251,
  "fields": {
    "technology_vendor": 139,
    "integrator": 4
  }
},
{
  "model": "technologies.technologyvendorintegrator",
  "pk": 252,
  "fields": {
    "technology_vendor": 140,
    "integrator": 1
  }
},
{
  "model": "technologies.technologyvendorintegrator",
  "pk": 253,
  "fields": {
    "technology_vendor": 140,
    "integrator": 2
  }
},
{
  "model": "technologies.technologyvendorintegrator",
  "pk": 254,
  "fields": {
    "technology_vendor": 141,
    "integrator": 3
  }
},
{
  "model": "technologies.technologyvendorintegrator",
  "pk": 255,
  "fields": {
    "technology_vendor": 141,
    "integrator": 4
  }
},
{
  "model": "technologies.technologyvendorintegrator",
  "pk": 256,
  "fields": {
    "technology_vendor": 142,
    "integrator": 5
  }
},
{
  "model": "technologies.technologyvendorintegrator",
  "pk": 257,
  "fields": {
    "technology_vendor": 142,
    "integrator": 6
  }
},
{
  "model": "technologies.technologyvendorintegrator",
  "pk": 258,
  "fields": {
    "technology_vendor": 143,
    "integrator": 7
  }
},
{
  "model": "technologies.technologyvendorintegrator",
  "pk": 259,
  "fields": {
    "technology_vendor": 143,
    "integrator": 8
  }
},
{
  "model": "technologies.technologyvendorintegrator",
  "pk": 260,
  "fields": {
    "technology_vendor": 144,
    "integrator": 2
  }
},
{
  "model": "technologies.technologyvendorintegrator",
  "pk": 261,
  "fields": {
    "technology_vendor": 144,
    "integrator": 5
  }
},
{
  "model": "technologies.technologyvendorintegrator",
  "pk": 262,
  "fields": {
    "technology_vendor": 145,
    "integrator": 2
  }
},
{
  "model": "technologies.technologyvendorintegrator",
  "pk": 263,
  "fields": {
    "technology_vendor": 145,
    "integrator": 4
  }
},
{
  "model": "technologies.technologyenterprisereadiness",
  "pk": 528,
  "fields": {
    "technology": 14,
    "enterprise": 3,
    "technological_readiness": 3,
    "organizational_readiness": 1,
    "status": "Невнедренна",
    "created_at": "2026-03-05T10:50:04.795Z",
    "updated_at": "2026-03-05T10:50:04.795Z"
  }
},
{
  "model": "technologies.technologyenterprisereadiness",
  "pk": 568,
  "fields": {
    "technology": 24,
    "enterprise": 1,
    "technological_readiness": 1,
    "organizational_readiness": 1,
    "status": "Внедрена",
    "created_at": "2026-03-10T05:24:01.207Z",
    "updated_at": "2026-03-10T05:24:01.207Z"
  }
},
{
  "model": "technologies.technologyenterprisereadiness",
  "pk": 569,
  "fields": {
    "technology": 24,
    "enterprise": 2,
    "technological_readiness": 1,
    "organizational_readiness": 1,
    "status": "Внедрена",
    "created_at": "2026-03-10T05:24:01.208Z",
    "updated_at": "2026-03-10T05:24:01.208Z"
  }
},
{
  "model": "technologies.technologyenterprisereadiness",
  "pk": 603,
  "fields": {
    "technology": 1,
    "enterprise": 1,
    "technological_readiness": 3,
    "organizational_readiness": 3,
    "status": "Внедрена",
    "created_at": "2026-03-16T07:03:09.614Z",
    "updated_at": "2026-03-16T07:03:09.614Z"
  }
},
{
  "model": "technologies.technologyenterprisereadiness",
  "pk": 604,
  "fields": {
    "technology": 1,
    "enterprise": 2,
    "technological_readiness": 3,
    "organizational_readiness": 3,
    "status": "Невнедренна",
    "created_at": "2026-03-16T07:03:09.616Z",
    "updated_at": "2026-03-16T07:03:09.616Z"
  }
},
{
  "model": "technologies.technologyenterprisereadiness",
  "pk": 605,
  "fields": {
    "technology": 1,
    "enterprise": 3,
    "technological_readiness": 3,
    "organizational_readiness": 3,
    "status": "Невнедренна",
    "created_at": "2026-03-16T07:03:09.618Z",
    "updated_at": "2026-03-16T07:03:09.618Z"
  }
},
{
  "model": "technologies.technologyenterprisereadiness",
  "pk": 606,
  "fields": {
    "technology": 2,
    "enterprise": 4,
    "technological_readiness": 2,
    "organizational_readiness": 2,
    "status": "Невнедренна",
    "created_at": "2026-03-16T07:03:09.649Z",
    "updated_at": "2026-03-16T07:03:09.649Z"
  }
},
{
  "model": "technologies.technologyenterprisereadiness",
  "pk": 607,
  "fields": {
    "technology": 2,
    "enterprise": 5,
    "technological_readiness": 1,
    "organizational_readiness": 2,
    "status": "Невнедренна",
    "created_at": "2026-03-16T07:03:09.651Z",
    "updated_at": "2026-03-16T07:03:09.651Z"
  }
},
{
  "model": "technologies.technologyenterprisereadiness",
  "pk": 608,
  "fields": {
    "technology": 2,
    "enterprise": 6,
    "technological_readiness": 2,
    "organizational_readiness": 1,
    "status": "Невнедренна",
    "created_at": "2026-03-16T07:03:09.653Z",
    "updated_at": "2026-03-16T07:03:09.653Z"
  }
},
{
  "model": "technologies.technologyenterprisereadiness",
  "pk": 609,
  "fields": {
    "technology": 4,
    "enterprise": 3,
    "technological_readiness": 3,
    "organizational_readiness": 3,
    "status": "Внедрена",
    "created_at": "2026-03-16T07:03:09.696Z",
    "updated_at": "2026-03-16T07:03:09.696Z"
  }
},
{
  "model": "technologies.technologyenterprisereadiness",
  "pk": 610,
  "fields": {
    "technology": 4,
    "enterprise": 4,
    "technological_readiness": 2,
    "organizational_readiness": 3,
    "status": "Невнедренна",
    "created_at": "2026-03-16T07:03:09.698Z",
    "updated_at": "2026-03-16T07:03:09.698Z"
  }
},
{
  "model": "technologies.technologyenterprisereadiness",
  "pk": 611,
  "fields": {
    "technology": 4,
    "enterprise": 5,
    "technological_readiness": 2,
    "organizational_readiness": 3,
    "status": "Невнедренна",
    "created_at": "2026-03-16T07:03:09.700Z",
    "updated_at": "2026-03-16T07:03:09.700Z"
  }
},
{
  "model": "technologies.technologyenterprisereadiness",
  "pk": 612,
  "fields": {
    "technology": 5,
    "enterprise": 1,
    "technological_readiness": 1,
    "organizational_readiness": 2,
    "status": "Невнедренна",
    "created_at": "2026-03-16T07:03:09.732Z",
    "updated_at": "2026-03-16T07:03:09.732Z"
  }
},
{
  "model": "technologies.technologyenterprisereadiness",
  "pk": 613,
  "fields": {
    "technology": 5,
    "enterprise": 2,
    "technological_readiness": 1,
    "organizational_readiness": 2,
    "status": "Невнедренна",
    "created_at": "2026-03-16T07:03:09.732Z",
    "updated_at": "2026-03-16T07:03:09.732Z"
  }
},
{
  "model": "technologies.technologyenterprisereadiness",
  "pk": 614,
  "fields": {
    "technology": 5,
    "enterprise": 6,
    "technological_readiness": 2,
    "organizational_readiness": 2,
    "status": "Невнедренна",
    "created_at": "2026-03-16T07:03:09.736Z",
    "updated_at": "2026-03-16T07:03:09.736Z"
  }
},
{
  "model": "technologies.technologyenterprisereadiness",
  "pk": 615,
  "fields": {
    "technology": 6,
    "enterprise": 6,
    "technological_readiness": 1,
    "organizational_readiness": 1,
    "status": "Невнедренна",
    "created_at": "2026-03-16T07:03:09.754Z",
    "updated_at": "2026-03-16T07:03:09.754Z"
  }
},
{
  "model": "technologies.technologyenterprisereadiness",
  "pk": 616,
  "fields": {
    "technology": 6,
    "enterprise": 2,
    "technological_readiness": 1,
    "organizational_readiness": 1,
    "status": "Невнедренна",
    "created_at": "2026-03-16T07:03:09.756Z",
    "updated_at": "2026-03-16T07:03:09.756Z"
  }
},
{
  "model": "technologies.technologyenterprisereadiness",
  "pk": 617,
  "fields": {
    "technology": 7,
    "enterprise": 1,
    "technological_readiness": 1,
    "organizational_readiness": 1,
    "status": "Внедрена",
    "created_at": "2026-03-16T07:03:09.770Z",
    "updated_at": "2026-03-16T07:03:09.770Z"
  }
},
{
  "model": "technologies.technologyenterprisereadiness",
  "pk": 618,
  "fields": {
    "technology": 7,
    "enterprise": 6,
    "technological_readiness": 1,
    "organizational_readiness": 2,
    "status": "Невнедренна",
    "created_at": "2026-03-16T07:03:09.778Z",
    "updated_at": "2026-03-16T07:03:09.778Z"
  }
},
{
  "model": "technologies.technologyenterprisereadiness",
  "pk": 619,
  "fields": {
    "technology": 7,
    "enterprise": 3,
    "technological_readiness": 2,
    "organizational_readiness": 2,
    "status": "Невнедренна",
    "created_at": "2026-03-16T07:03:09.778Z",
    "updated_at": "2026-03-16T07:03:09.778Z"
  }
},
{
  "model": "technologies.technologyenterprisereadiness",
  "pk": 620,
  "fields": {
    "technology": 8,
    "enterprise": 1,
    "technological_readiness": 2,
    "organizational_readiness": 2,
    "status": "Невнедренна",
    "created_at": "2026-03-16T07:03:09.800Z",
    "updated_at": "2026-03-16T07:03:09.800Z"
  }
},
{
  "model": "technologies.technologyenterprisereadiness",
  "pk": 621,
  "fields": {
    "technology": 8,
    "enterprise": 4,
    "technological_readiness": 1,
    "organizational_readiness": 2,
    "status": "Невнедренна",
    "created_at": "2026-03-16T07:03:09.800Z",
    "updated_at": "2026-03-16T07:03:09.800Z"
  }
},
{
  "model": "technologies.technologyenterprisereadiness",
  "pk": 622,
  "fields": {
    "technology": 8,
    "enterprise": 5,
    "technological_readiness": 2,
    "organizational_readiness": 1,
    "status": "Невнедренна",
    "created_at": "2026-03-16T07:03:09.800Z",
    "updated_at": "2026-03-16T07:03:09.800Z"
  }
},
{
  "model": "technologies.technologyenterprisereadiness",
  "pk": 623,
  "fields": {
    "technology": 9,
    "enterprise": 2,
    "technological_readiness": 1,
    "organizational_readiness": 1,
    "status": "Невнедренна",
    "created_at": "2026-03-16T07:03:09.817Z",
    "updated_at": "2026-03-16T07:03:09.817Z"
  }
},
{
  "model": "technologies.technologyenterprisereadiness",
  "pk": 624,
  "fields": {
    "technology": 9,
    "enterprise": 3,
    "technological_readiness": 1,
    "organizational_readiness": 1,
    "status": "Невнедренна",
    "created_at": "2026-03-16T07:03:09.817Z",
    "updated_at": "2026-03-16T07:03:09.817Z"
  }
},
{
  "model": "technologies.technologyenterprisereadiness",
  "pk": 625,
  "fields": {
    "technology": 10,
    "enterprise": 6,
    "technological_readiness": 2,
    "organizational_readiness": 2,
    "status": "Невнедренна",
    "created_at": "2026-03-16T07:03:09.833Z",
    "updated_at": "2026-03-16T07:03:09.833Z"
  }
},
{
  "model": "technologies.technologyenterprisereadiness",
  "pk": 626,
  "fields": {
    "technology": 10,
    "enterprise": 1,
    "technological_readiness": 2,
    "organizational_readiness": 2,
    "status": "Невнедренна",
    "created_at": "2026-03-16T07:03:09.833Z",
    "updated_at": "2026-03-16T07:03:09.833Z"
  }
},
{
  "model": "technologies.technologyenterprisereadiness",
  "pk": 627,
  "fields": {
    "technology": 10,
    "enterprise": 5,
    "technological_readiness": 3,
    "organizational_readiness": 3,
    "status": "Невнедренна",
    "created_at": "2026-03-16T07:03:09.835Z",
    "updated_at": "2026-03-16T07:03:09.835Z"
  }
},
{
  "model": "technologies.technologyenterprisereadiness",
  "pk": 628,
  "fields": {
    "technology": 11,
    "enterprise": 3,
    "technological_readiness": 1,
    "organizational_readiness": 2,
    "status": "Невнедренна",
    "created_at": "2026-03-16T07:03:09.862Z",
    "updated_at": "2026-03-16T07:03:09.862Z"
  }
},
{
  "model": "technologies.technologyenterprisereadiness",
  "pk": 629,
  "fields": {
    "technology": 11,
    "enterprise": 4,
    "technological_readiness": 2,
    "organizational_readiness": 2,
    "status": "Невнедренна",
    "created_at": "2026-03-16T07:03:09.862Z",
    "updated_at": "2026-03-16T07:03:09.862Z"
  }
},
{
  "model": "technologies.technologyenterprisereadiness",
  "pk": 630,
  "fields": {
    "technology": 11,
    "enterprise": 5,
    "technological_readiness": 2,
    "organizational_readiness": 2,
    "status": "Невнедренна",
    "created_at": "2026-03-16T07:03:09.866Z",
    "updated_at": "2026-03-16T07:03:09.866Z"
  }
},
{
  "model": "technologies.technologyenterprisereadiness",
  "pk": 631,
  "fields": {
    "technology": 12,
    "enterprise": 1,
    "technological_readiness": 1,
    "organizational_readiness": 1,
    "status": "Невнедренна",
    "created_at": "2026-03-16T07:03:09.882Z",
    "updated_at": "2026-03-16T07:03:09.882Z"
  }
},
{
  "model": "technologies.technologyenterprisereadiness",
  "pk": 632,
  "fields": {
    "technology": 12,
    "enterprise": 2,
    "technological_readiness": 1,
    "organizational_readiness": 1,
    "status": "Невнедренна",
    "created_at": "2026-03-16T07:03:09.887Z",
    "updated_at": "2026-03-16T07:03:09.887Z"
  }
},
{
  "model": "technologies.technologyproposal",
  "pk": 1,
  "fields": {
    "technology": null,
    "target_technology_id": null,
    "action": "create",
    "status": "rejected",
    "payload": {
      "name": "Проверка",
      "description": "dvdfv",
      "block": 1,
      "blocks": [
        1
      ],
      "function": "Буровые работы",
      "functionCoverage": [
        "Буровые работы"
      ],
      "enterprises": [],
      "directions": [
        2
      ],
      "trlStage": 1,
      "status": "Внедрена",
      "vendors": [],
      "marketExamples": [],
      "documentationFiles": []
    },
    "comment": "",
    "review_comment": "",
    "created_by": [
      "editor"
    ],
    "reviewed_by": [
      "admin"
    ],
    "reviewed_at": "2026-03-17T12:01:48.382Z",
    "created_at": "2026-03-17T11:22:57.187Z",
    "updated_at": "2026-03-17T12:01:48.382Z"
  }
},
{
  "model": "technologies.technologyproposal",
  "pk": 2,
  "fields": {
    "technology": 5,
    "target_technology_id": 5,
    "action": "update",
    "status": "rejected",
    "payload": {
      "name": "Технология 5",
      "description": "Описание технологии 2",
      "block": 11,
      "blocks": [
        11,
        12
      ],
      "function": "Аккредитация",
      "functionCoverage": [
        "Аккредитация",
        "Бюджетирование проектов",
        "Ведение сводной отчетности",
        "Экономика труда",
        "Экономическая безопасность"
      ],
      "enterprises": [
        {
          "enterpriseId": 1,
          "technologicalReadiness": 3,
          "organizationalReadiness": 3,
          "status": "Невнедренна"
        },
        {
          "enterpriseId": 2,
          "technologicalReadiness": 1,
          "organizationalReadiness": 2,
          "status": "Невнедренна"
        },
        {
          "enterpriseId": 6,
          "technologicalReadiness": 2,
          "organizationalReadiness": 2,
          "status": "Невнедренна"
        }
      ],
      "directions": [
        2
      ],
      "trlStage": 2,
      "status": "planned",
      "vendors": [
        {
          "name": "Вендор 3",
          "integrators": [
            "Интегратор 2",
            "Интегратор 5"
          ]
        },
        {
          "name": "Вендор 4",
          "integrators": [
            "Интегратор 2",
            "Интегратор 4"
          ]
        }
      ],
      "marketExamples": [
        "Пример внедрения 5"
      ],
      "documentationFiles": [
        "Файл документации 3",
        "Файл документации 3",
        "Файл документации 3"
      ]
    },
    "comment": "",
    "review_comment": "",
    "created_by": [
      "editor"
    ],
    "reviewed_by": [
      "admin"
    ],
    "reviewed_at": "2026-03-17T12:01:41.367Z",
    "created_at": "2026-03-17T11:23:27.352Z",
    "updated_at": "2026-03-17T12:01:41.367Z"
  }
},
{
  "model": "technologies.technologyproposal",
  "pk": 3,
  "fields": {
    "technology": null,
    "target_technology_id": null,
    "action": "create",
    "status": "rejected",
    "payload": {
      "name": "Пример",
      "description": "пример",
      "block": 1,
      "blocks": [
        1
      ],
      "function": "Взрывные работы",
      "functionCoverage": [
        "Взрывные работы"
      ],
      "enterprises": [],
      "directions": [
        1
      ],
      "trlStage": 2,
      "status": "Внедрена",
      "vendors": [],
      "marketExamples": [],
      "documentationFiles": []
    },
    "comment": "",
    "review_comment": "",
    "created_by": [
      "editor"
    ],
    "reviewed_by": [
      "admin"
    ],
    "reviewed_at": "2026-03-17T12:01:49.532Z",
    "created_at": "2026-03-17T11:47:17.746Z",
    "updated_at": "2026-03-17T12:01:49.532Z"
  }
},
{
  "model": "technologies.technologyproposal",
  "pk": 4,
  "fields": {
    "technology": 5,
    "target_technology_id": 5,
    "action": "update",
    "status": "rejected",
    "payload": {
      "name": "Технология 5",
      "description": "Описание технологии 2",
      "block": 11,
      "blocks": [
        11,
        12
      ],
      "function": "Аккредитация",
      "functionCoverage": [
        "Аккредитация",
        "Бюджетирование проектов",
        "Ведение сводной отчетности",
        "Экономика труда",
        "Экономическая безопасность"
      ],
      "enterprises": [
        {
          "enterpriseId": 1,
          "technologicalReadiness": 3,
          "organizationalReadiness": 3,
          "status": "Невнедренна"
        },
        {
          "enterpriseId": 2,
          "technologicalReadiness": 1,
          "organizationalReadiness": 2,
          "status": "Невнедренна"
        },
        {
          "enterpriseId": 6,
          "technologicalReadiness": 2,
          "organizationalReadiness": 2,
          "status": "Невнедренна"
        }
      ],
      "directions": [
        2
      ],
      "trlStage": 2,
      "status": "planned",
      "vendors": [
        {
          "name": "Вендор 3",
          "integrators": [
            "Интегратор 2",
            "Интегратор 5"
          ]
        },
        {
          "name": "Вендор 4",
          "integrators": [
            "Интегратор 2",
            "Интегратор 4"
          ]
        }
      ],
      "marketExamples": [
        "Пример внедрения 5"
      ],
      "documentationFiles": [
        "Файл документации 3",
        "Файл документации 3",
        "Файл документации 3"
      ]
    },
    "comment": "",
    "review_comment": "",
    "created_by": [
      "editor"
    ],
    "reviewed_by": [
      "admin"
    ],
    "reviewed_at": "2026-03-17T12:01:51.013Z",
    "created_at": "2026-03-17T11:47:33.083Z",
    "updated_at": "2026-03-17T12:01:51.013Z"
  }
},
{
  "model": "technologies.technologyproposal",
  "pk": 5,
  "fields": {
    "technology": null,
    "target_technology_id": null,
    "action": "create",
    "status": "rejected",
    "payload": {
      "name": "Пример",
      "description": "Прмиер",
      "block": 2,
      "blocks": [
        2
      ],
      "function": "Крупное дробление",
      "functionCoverage": [
        "Крупное дробление"
      ],
      "enterprises": [],
      "directions": [
        2
      ],
      "trlStage": 3,
      "status": "Внедрена",
      "vendors": [],
      "marketExamples": [],
      "documentationFiles": []
    },
    "comment": "",
    "review_comment": "",
    "created_by": [
      "editor"
    ],
    "reviewed_by": [
      "admin"
    ],
    "reviewed_at": "2026-03-17T12:17:00.597Z",
    "created_at": "2026-03-17T12:00:03.388Z",
    "updated_at": "2026-03-17T12:17:00.599Z"
  }
},
{
  "model": "technologies.technologyproposal",
  "pk": 6,
  "fields": {
    "technology": 5,
    "target_technology_id": 5,
    "action": "update",
    "status": "rejected",
    "payload": {
      "name": "Технология 5",
      "description": "Описание технологии 2",
      "block": 11,
      "blocks": [
        11,
        12
      ],
      "function": "Аккредитация",
      "functionCoverage": [
        "Аккредитация",
        "Бюджетирование проектов",
        "Ведение сводной отчетности",
        "Экономика труда",
        "Экономическая безопасность"
      ],
      "enterprises": [
        {
          "enterpriseId": 1,
          "technologicalReadiness": 3,
          "organizationalReadiness": 3,
          "status": "Невнедренна"
        },
        {
          "enterpriseId": 2,
          "technologicalReadiness": 1,
          "organizationalReadiness": 2,
          "status": "Невнедренна"
        },
        {
          "enterpriseId": 6,
          "technologicalReadiness": 2,
          "organizationalReadiness": 2,
          "status": "Невнедренна"
        }
      ],
      "directions": [
        2
      ],
      "trlStage": 2,
      "status": "planned",
      "vendors": [
        {
          "name": "Вендор 3",
          "integrators": [
            "Интегратор 2",
            "Интегратор 5"
          ]
        },
        {
          "name": "Вендор 4",
          "integrators": [
            "Интегратор 2",
            "Интегратор 4"
          ]
        }
      ],
      "marketExamples": [
        "Пример внедрения 5"
      ],
      "documentationFiles": [
        "Файл документации 3",
        "Файл документации 3",
        "Файл документации 3"
      ]
    },
    "comment": "",
    "review_comment": "",
    "created_by": [
      "editor"
    ],
    "reviewed_by": [
      "admin"
    ],
    "reviewed_at": "2026-03-17T12:16:59.154Z",
    "created_at": "2026-03-17T12:00:18.089Z",
    "updated_at": "2026-03-17T12:16:59.157Z"
  }
},
{
  "model": "technologies.technologyproposal",
  "pk": 7,
  "fields": {
    "technology": null,
    "target_technology_id": 28,
    "action": "create",
    "status": "approved",
    "payload": {
      "name": "Пример 2",
      "description": "Описание примера",
      "block": 1,
      "blocks": [
        1
      ],
      "function": "Буровые работы",
      "functionCoverage": [
        "Буровые работы",
        "Взрывные работы",
        "Геологические работы",
        "Лабораторные исследования",
        "Маркшейдерские работы",
        "Транспортировка",
        "Экскавация"
      ],
      "enterprises": [],
      "directions": [
        3
      ],
      "trlStage": 2,
      "status": "Внедрена",
      "vendors": [],
      "marketExamples": [],
      "documentationFiles": []
    },
    "comment": "",
    "review_comment": "",
    "created_by": [
      "editor"
    ],
    "reviewed_by": [
      "admin"
    ],
    "reviewed_at": "2026-03-17T12:20:19.331Z",
    "created_at": "2026-03-17T12:18:28.504Z",
    "updated_at": "2026-03-17T12:20:19.331Z"
  }
},
{
  "model": "technologies.technologyproposal",
  "pk": 8,
  "fields": {
    "technology": 3,
    "target_technology_id": 3,
    "action": "update",
    "status": "rejected",
    "payload": {
      "name": "Технология 3",
      "description": "Описание технологии 3",
      "block": 3,
      "blocks": [
        3,
        4
      ],
      "function": "Контроль качества сырья и материалов",
      "functionCoverage": [
        "Контроль качества сырья и материалов",
        "Складирование готовой продукции",
        "Транспортировка ГП",
        "Транспортировка сырья",
        "Шихтоподготовка",
        "Энергетика"
      ],
      "enterprises": [
        {
          "enterpriseId": 2
        },
        {
          "enterpriseId": 3
        }
      ],
      "directions": [
        1
      ],
      "trlStage": 1,
      "status": "planned",
      "vendors": [],
      "marketExamples": [
        "Пример внедрения 3"
      ],
      "documentationFiles": [
        "Файл документации 3",
        "Файл документации 3",
        "Файл документации 3"
      ]
    },
    "comment": "",
    "review_comment": "",
    "created_by": [
      "editor"
    ],
    "reviewed_by": [
      "admin"
    ],
    "reviewed_at": "2026-03-17T12:36:01.700Z",
    "created_at": "2026-03-17T12:18:46.910Z",
    "updated_at": "2026-03-17T12:36:01.700Z"
  }
},
{
  "model": "technologies.technologyproposal",
  "pk": 9,
  "fields": {
    "technology": 1,
    "target_technology_id": 1,
    "action": "delete",
    "status": "rejected",
    "payload": {},
    "comment": "",
    "review_comment": "",
    "created_by": [
      "editor"
    ],
    "reviewed_by": [
      "admin"
    ],
    "reviewed_at": "2026-03-17T12:20:56.428Z",
    "created_at": "2026-03-17T12:18:56.725Z",
    "updated_at": "2026-03-17T12:20:56.428Z"
  }
},
{
  "model": "technologies.technologyproposal",
  "pk": 10,
  "fields": {
    "technology": null,
    "target_technology_id": 28,
    "action": "update",
    "status": "approved",
    "payload": {
      "name": "Пример 2",
      "description": "Описание примера",
      "block": 1,
      "blocks": [
        1
      ],
      "function": "Буровые работы",
      "functionCoverage": [
        "Буровые работы",
        "Взрывные работы",
        "Геологические работы",
        "Лабораторные исследования",
        "Маркшейдерские работы",
        "Транспортировка",
        "Экскавация"
      ],
      "enterprises": [
        {
          "enterpriseId": 2
        }
      ],
      "directions": [
        3
      ],
      "trlStage": 2,
      "status": "Внедрена",
      "vendors": [],
      "marketExamples": [],
      "documentationFiles": []
    },
    "comment": "",
    "review_comment": "",
    "created_by": [
      "editor"
    ],
    "reviewed_by": [
      "admin"
    ],
    "reviewed_at": "2026-03-17T12:35:54.812Z",
    "created_at": "2026-03-17T12:34:55.829Z",
    "updated_at": "2026-03-17T12:35:54.812Z"
  }
},
{
  "model": "references.functionalblock",
  "pk": 1,
  "fields": {
    "name": "Горное производство"
  }
},
{
  "model": "references.functionalblock",
  "pk": 2,
  "fields": {
    "name": "Обогатительное производство"
  }
},
{
  "model": "references.functionalblock",
  "pk": 3,
  "fields": {
    "name": "Металлургическое производство"
  }
},
{
  "model": "references.functionalblock",
  "pk": 4,
  "fields": {
    "name": "Вспомогательное производство"
  }
},
{
  "model": "references.functionalblock",
  "pk": 5,
  "fields": {
    "name": "Техническое обслуживание и ремонты"
  }
},
{
  "model": "references.functionalblock",
  "pk": 6,
  "fields": {
    "name": "Капитально строительство"
  }
},
{
  "model": "references.functionalblock",
  "pk": 7,
  "fields": {
    "name": "Обслуживание транспорта"
  }
},
{
  "model": "references.functionalblock",
  "pk": 8,
  "fields": {
    "name": "Промышленная безопасность"
  }
},
{
  "model": "references.functionalblock",
  "pk": 9,
  "fields": {
    "name": "Экологическая безопасность"
  }
},
{
  "model": "references.functionalblock",
  "pk": 10,
  "fields": {
    "name": "Эксплуатация и техническое обслуживание зданий"
  }
},
{
  "model": "references.functionalblock",
  "pk": 11,
  "fields": {
    "name": "Экономическая безопасность"
  }
},
{
  "model": "references.functionalblock",
  "pk": 12,
  "fields": {
    "name": "Экономика"
  }
},
{
  "model": "references.functionalblock",
  "pk": 13,
  "fields": {
    "name": "Финансы"
  }
},
{
  "model": "references.functionalblock",
  "pk": 14,
  "fields": {
    "name": "Стратегическое планирование и развитие"
  }
},
{
  "model": "references.functionalblock",
  "pk": 15,
  "fields": {
    "name": "Правовая деятельность"
  }
},
{
  "model": "references.functionalblock",
  "pk": 16,
  "fields": {
    "name": "Коммерческая деятельность"
  }
},
{
  "model": "references.functionalblock",
  "pk": 17,
  "fields": {
    "name": "Внешнеэкономическая деятельность"
  }
},
{
  "model": "references.functionalblock",
  "pk": 18,
  "fields": {
    "name": "Информационные технологии и ит-инфраструктура"
  }
},
{
  "model": "references.functionalblock",
  "pk": 19,
  "fields": {
    "name": "Информационная безопасность"
  }
},
{
  "model": "references.functionalblock",
  "pk": 20,
  "fields": {
    "name": "Операционная эффективность"
  }
},
{
  "model": "references.functionalblock",
  "pk": 21,
  "fields": {
    "name": "Управление персоналом"
  }
},
{
  "model": "references.functionalblock",
  "pk": 22,
  "fields": {
    "name": "Делопроизводство"
  }
},
{
  "model": "references.functionalblock",
  "pk": 23,
  "fields": {
    "name": "Социальная политика"
  }
},
{
  "model": "references.functionalblock",
  "pk": 24,
  "fields": {
    "name": "Недропользование"
  }
},
{
  "model": "references.functionalblock",
  "pk": 25,
  "fields": {
    "name": "Информационная политика и связи с общественностью"
  }
},
{
  "model": "references.functionalblock",
  "pk": 26,
  "fields": {
    "name": "asdsd"
  }
},
{
  "model": "references.functionalblock",
  "pk": 27,
  "fields": {
    "name": "Блок 1"
  }
},
{
  "model": "references.functionreference",
  "pk": 1,
  "fields": {
    "name": "Геологоразведка",
    "block": 24
  }
},
{
  "model": "references.functionreference",
  "pk": 2,
  "fields": {
    "name": "Моделирование месторождений",
    "block": 24
  }
},
{
  "model": "references.functionreference",
  "pk": 3,
  "fields": {
    "name": "Эксплуатация месторождений",
    "block": 24
  }
},
{
  "model": "references.functionreference",
  "pk": 4,
  "fields": {
    "name": "Лицензирование",
    "block": 24
  }
},
{
  "model": "references.functionreference",
  "pk": 5,
  "fields": {
    "name": "Маркшейдерские работы",
    "block": 1
  }
},
{
  "model": "references.functionreference",
  "pk": 6,
  "fields": {
    "name": "Буровые работы",
    "block": 1
  }
},
{
  "model": "references.functionreference",
  "pk": 7,
  "fields": {
    "name": "Лабораторные исследования",
    "block": 1
  }
},
{
  "model": "references.functionreference",
  "pk": 8,
  "fields": {
    "name": "Взрывные работы",
    "block": 1
  }
},
{
  "model": "references.functionreference",
  "pk": 9,
  "fields": {
    "name": "Экскавация",
    "block": 1
  }
},
{
  "model": "references.functionreference",
  "pk": 10,
  "fields": {
    "name": "Транспортировка",
    "block": 1
  }
},
{
  "model": "references.functionreference",
  "pk": 11,
  "fields": {
    "name": "Геологические работы",
    "block": 1
  }
},
{
  "model": "references.functionreference",
  "pk": 12,
  "fields": {
    "name": "Измельчение руды мельницами",
    "block": 2
  }
},
{
  "model": "references.functionreference",
  "pk": 13,
  "fields": {
    "name": "Флотация",
    "block": 2
  }
},
{
  "model": "references.functionreference",
  "pk": 14,
  "fields": {
    "name": "Сгущение концентрата",
    "block": 2
  }
},
{
  "model": "references.functionreference",
  "pk": 15,
  "fields": {
    "name": "Крупное дробление",
    "block": 2
  }
},
{
  "model": "references.functionreference",
  "pk": 16,
  "fields": {
    "name": "Складирование крупнодробленой руды",
    "block": 2
  }
},
{
  "model": "references.functionreference",
  "pk": 17,
  "fields": {
    "name": "Фильтрация концентрата",
    "block": 2
  }
},
{
  "model": "references.functionreference",
  "pk": 18,
  "fields": {
    "name": "Складирование готового концентрата",
    "block": 2
  }
},
{
  "model": "references.functionreference",
  "pk": 19,
  "fields": {
    "name": "Складирование хвостов",
    "block": 2
  }
},
{
  "model": "references.functionreference",
  "pk": 20,
  "fields": {
    "name": "Контроль качества сырья и материалов",
    "block": 3
  }
},
{
  "model": "references.functionreference",
  "pk": 21,
  "fields": {
    "name": "Транспортировка сырья",
    "block": 3
  }
},
{
  "model": "references.functionreference",
  "pk": 22,
  "fields": {
    "name": "Транспортировка ГП",
    "block": 3
  }
},
{
  "model": "references.functionreference",
  "pk": 23,
  "fields": {
    "name": "Складирование готовой продукции",
    "block": 3
  }
},
{
  "model": "references.functionreference",
  "pk": 24,
  "fields": {
    "name": "Шихтоподготовка",
    "block": 3
  }
},
{
  "model": "references.functionreference",
  "pk": 25,
  "fields": {
    "name": "Плавка сырья",
    "block": 3
  }
},
{
  "model": "references.functionreference",
  "pk": 26,
  "fields": {
    "name": "Газоочистка",
    "block": 3
  }
},
{
  "model": "references.functionreference",
  "pk": 27,
  "fields": {
    "name": "Конвертирование",
    "block": 3
  }
},
{
  "model": "references.functionreference",
  "pk": 28,
  "fields": {
    "name": "Производство серной кислоты",
    "block": 3
  }
},
{
  "model": "references.functionreference",
  "pk": 29,
  "fields": {
    "name": "Складирование серной кислоты",
    "block": 3
  }
},
{
  "model": "references.functionreference",
  "pk": 30,
  "fields": {
    "name": "Очистка промышленных стоков",
    "block": 3
  }
},
{
  "model": "references.functionreference",
  "pk": 31,
  "fields": {
    "name": "Переработка шлаков текущего производства",
    "block": 3
  }
},
{
  "model": "references.functionreference",
  "pk": 32,
  "fields": {
    "name": "Огневое рафинирование",
    "block": 3
  }
},
{
  "model": "references.functionreference",
  "pk": 33,
  "fields": {
    "name": "Электролиз",
    "block": 3
  }
},
{
  "model": "references.functionreference",
  "pk": 34,
  "fields": {
    "name": "Аффинаж",
    "block": 3
  }
},
{
  "model": "references.functionreference",
  "pk": 35,
  "fields": {
    "name": "Производство медного купороса",
    "block": 3
  }
},
{
  "model": "references.functionreference",
  "pk": 36,
  "fields": {
    "name": "Производство медной катанки",
    "block": 3
  }
},
{
  "model": "references.functionreference",
  "pk": 37,
  "fields": {
    "name": "Производство медной фольги",
    "block": 3
  }
},
{
  "model": "references.functionreference",
  "pk": 38,
  "fields": {
    "name": "ТОиР",
    "block": 5
  }
},
{
  "model": "references.functionreference",
  "pk": 39,
  "fields": {
    "name": "Планирование строительства",
    "block": 6
  }
},
{
  "model": "references.functionreference",
  "pk": 40,
  "fields": {
    "name": "Ценообразование",
    "block": 6
  }
},
{
  "model": "references.functionreference",
  "pk": 41,
  "fields": {
    "name": "Обслуживание транспорта",
    "block": 7
  }
},
{
  "model": "references.functionreference",
  "pk": 42,
  "fields": {
    "name": "Охраны труда и промышленная безопасность",
    "block": 8
  }
},
{
  "model": "references.functionreference",
  "pk": 43,
  "fields": {
    "name": "Пожарная безопасность",
    "block": 8
  }
},
{
  "model": "references.functionreference",
  "pk": 44,
  "fields": {
    "name": "Ликвидация аварий",
    "block": 8
  }
},
{
  "model": "references.functionreference",
  "pk": 45,
  "fields": {
    "name": "Экологический контроль",
    "block": 9
  }
},
{
  "model": "references.functionreference",
  "pk": 46,
  "fields": {
    "name": "Рациональное природопользование",
    "block": 9
  }
},
{
  "model": "references.functionreference",
  "pk": 47,
  "fields": {
    "name": "Экологический контроль горно-обогатительного, металлургического комплекса",
    "block": 9
  }
},
{
  "model": "references.functionreference",
  "pk": 48,
  "fields": {
    "name": "Экологический мониторинга и отчётность",
    "block": 9
  }
},
{
  "model": "references.functionreference",
  "pk": 49,
  "fields": {
    "name": "Экономическая безопасность",
    "block": 11
  }
},
{
  "model": "references.functionreference",
  "pk": 50,
  "fields": {
    "name": "Аккредитация",
    "block": 11
  }
},
{
  "model": "references.functionreference",
  "pk": 51,
  "fields": {
    "name": "Финансовый мониторинг",
    "block": 11
  }
},
{
  "model": "references.functionreference",
  "pk": 52,
  "fields": {
    "name": "Строительный контроль и аудит",
    "block": 11
  }
},
{
  "model": "references.functionreference",
  "pk": 53,
  "fields": {
    "name": "Эксплуатация зданий",
    "block": 10
  }
},
{
  "model": "references.functionreference",
  "pk": 54,
  "fields": {
    "name": "Техническое обслуживание зданий",
    "block": 10
  }
},
{
  "model": "references.functionreference",
  "pk": 55,
  "fields": {
    "name": "Бюджетирование предприятий",
    "block": 12
  }
},
{
  "model": "references.functionreference",
  "pk": 56,
  "fields": {
    "name": "Ведение сводной отчетности",
    "block": 12
  }
},
{
  "model": "references.functionreference",
  "pk": 57,
  "fields": {
    "name": "Экономика труда",
    "block": 12
  }
},
{
  "model": "references.functionreference",
  "pk": 58,
  "fields": {
    "name": "Бюджетирование проектов",
    "block": 12
  }
},
{
  "model": "references.functionreference",
  "pk": 59,
  "fields": {
    "name": "Сопровождение инвестиционных проектов",
    "block": 12
  }
},
{
  "model": "references.functionreference",
  "pk": 60,
  "fields": {
    "name": "Контроллинг смет и расценок",
    "block": 12
  }
},
{
  "model": "references.functionreference",
  "pk": 61,
  "fields": {
    "name": "Контроллинг расходов, движения сырья и готовой продукции",
    "block": 12
  }
},
{
  "model": "references.functionreference",
  "pk": 62,
  "fields": {
    "name": "Организация тендерной работы",
    "block": 12
  }
},
{
  "model": "references.functionreference",
  "pk": 63,
  "fields": {
    "name": "Ведение бухгалтерии",
    "block": 13
  }
},
{
  "model": "references.functionreference",
  "pk": 64,
  "fields": {
    "name": "Бюджетирования денежных потоков",
    "block": 13
  }
},
{
  "model": "references.functionreference",
  "pk": 65,
  "fields": {
    "name": "Управление дебиторской и кредиторской задолженностью",
    "block": 13
  }
},
{
  "model": "references.functionreference",
  "pk": 66,
  "fields": {
    "name": "Управление казначейства",
    "block": 13
  }
},
{
  "model": "references.functionreference",
  "pk": 67,
  "fields": {
    "name": "Финансово-экономическое и документальное сопровождение хозяйственных операций",
    "block": 13
  }
},
{
  "model": "references.functionreference",
  "pk": 68,
  "fields": {
    "name": "Налоговое администрирование",
    "block": 13
  }
},
{
  "model": "references.functionreference",
  "pk": 69,
  "fields": {
    "name": "Методология налогового и бухгалтерского учета",
    "block": 13
  }
},
{
  "model": "references.functionreference",
  "pk": 70,
  "fields": {
    "name": "Налоговая политика и судебное разрешение налоговых споров",
    "block": 13
  }
},
{
  "model": "references.functionreference",
  "pk": 71,
  "fields": {
    "name": "Налоговая диагностика проверки контрагентов",
    "block": 13
  }
},
{
  "model": "references.functionreference",
  "pk": 72,
  "fields": {
    "name": "Трансфертное ценообразование и международное налогообложение",
    "block": 13
  }
},
{
  "model": "references.functionreference",
  "pk": 73,
  "fields": {
    "name": "Корпоративная отчетность",
    "block": 13
  }
},
{
  "model": "references.functionreference",
  "pk": 74,
  "fields": {
    "name": "МСФО",
    "block": 13
  }
},
{
  "model": "references.functionreference",
  "pk": 75,
  "fields": {
    "name": "Привлечение заемных средств",
    "block": 13
  }
},
{
  "model": "references.functionreference",
  "pk": 76,
  "fields": {
    "name": "Сопровождение НСИ",
    "block": 13
  }
},
{
  "model": "references.functionreference",
  "pk": 77,
  "fields": {
    "name": "Взаимодействие с заказчиками",
    "block": 13
  }
},
{
  "model": "references.functionreference",
  "pk": 78,
  "fields": {
    "name": "Расчеты с персоналом и оплата труда",
    "block": 13
  }
},
{
  "model": "references.functionreference",
  "pk": 79,
  "fields": {
    "name": "Учет ТМЦ",
    "block": 13
  }
},
{
  "model": "references.functionreference",
  "pk": 80,
  "fields": {
    "name": "Стратегическое планирование",
    "block": 14
  }
},
{
  "model": "references.functionreference",
  "pk": 81,
  "fields": {
    "name": "Оценка и мониторинг эффективности инвестиционных проектов",
    "block": 14
  }
},
{
  "model": "references.functionreference",
  "pk": 82,
  "fields": {
    "name": "Взаимодействие с инвесторами и аналитиками",
    "block": 14
  }
},
{
  "model": "references.functionreference",
  "pk": 83,
  "fields": {
    "name": "Исследование рынков и привлечению государственной поддержки",
    "block": 14
  }
},
{
  "model": "references.functionreference",
  "pk": 84,
  "fields": {
    "name": "Мониторинг и исследование рынков",
    "block": 14
  }
},
{
  "model": "references.functionreference",
  "pk": 85,
  "fields": {
    "name": "Контроллинг за производственном и инвестициями",
    "block": 14
  }
},
{
  "model": "references.functionreference",
  "pk": 86,
  "fields": {
    "name": "Правовое сопровождение внешнеэкономической деятельности",
    "block": 15
  }
},
{
  "model": "references.functionreference",
  "pk": 87,
  "fields": {
    "name": "Методология договорной работы",
    "block": 15
  }
},
{
  "model": "references.functionreference",
  "pk": 88,
  "fields": {
    "name": "Сопровождения международных контрактов и интеллектуальной собственности",
    "block": 15
  }
},
{
  "model": "references.functionreference",
  "pk": 89,
  "fields": {
    "name": "Сопровождение корпоративных процедур и регистрационной деятельности",
    "block": 15
  }
},
{
  "model": "references.functionreference",
  "pk": 90,
  "fields": {
    "name": "Сопровождение корпоративных проектов",
    "block": 15
  }
},
{
  "model": "references.functionreference",
  "pk": 91,
  "fields": {
    "name": "Правое сопровождение социальной деятельности и локального нормотворчества",
    "block": 15
  }
},
{
  "model": "references.functionreference",
  "pk": 92,
  "fields": {
    "name": "Взаимодействию с органами государственной власти",
    "block": 15
  }
},
{
  "model": "references.functionreference",
  "pk": 93,
  "fields": {
    "name": "Судебная и аналитическая работа",
    "block": 15
  }
},
{
  "model": "references.functionreference",
  "pk": 94,
  "fields": {
    "name": "Снабжение",
    "block": 16
  }
},
{
  "model": "references.functionreference",
  "pk": 95,
  "fields": {
    "name": "Сбыт",
    "block": 16
  }
},
{
  "model": "references.functionreference",
  "pk": 96,
  "fields": {
    "name": "Продажи",
    "block": 17
  }
},
{
  "model": "references.functionreference",
  "pk": 97,
  "fields": {
    "name": "Логистика",
    "block": 17
  }
},
{
  "model": "references.functionreference",
  "pk": 98,
  "fields": {
    "name": "Поддержка пользователей",
    "block": 18
  }
},
{
  "model": "references.functionreference",
  "pk": 99,
  "fields": {
    "name": "Разработка",
    "block": 18
  }
},
{
  "model": "references.functionreference",
  "pk": 100,
  "fields": {
    "name": "Тестирование и аналитика",
    "block": 18
  }
},
{
  "model": "references.functionreference",
  "pk": 101,
  "fields": {
    "name": "Сопровождение цифровых решений",
    "block": 18
  }
},
{
  "model": "references.functionreference",
  "pk": 102,
  "fields": {
    "name": "Развитие электронного документооборота",
    "block": 18
  }
},
{
  "model": "references.functionreference",
  "pk": 103,
  "fields": {
    "name": "Развитие 1С",
    "block": 18
  }
},
{
  "model": "references.functionreference",
  "pk": 104,
  "fields": {
    "name": "Развитие BI",
    "block": 18
  }
},
{
  "model": "references.functionreference",
  "pk": 105,
  "fields": {
    "name": "Системное администрирование",
    "block": 18
  }
},
{
  "model": "references.functionreference",
  "pk": 106,
  "fields": {
    "name": "Анализ и мониторинг систем и инфраструктуры",
    "block": 18
  }
},
{
  "model": "references.functionreference",
  "pk": 107,
  "fields": {
    "name": "Управление проектами (ИТ)",
    "block": 18
  }
},
{
  "model": "references.functionreference",
  "pk": 108,
  "fields": {
    "name": "Эксплуатация СЗИ",
    "block": 19
  }
},
{
  "model": "references.functionreference",
  "pk": 109,
  "fields": {
    "name": "Мониторинг и реагирование на инциденты",
    "block": 19
  }
},
{
  "model": "references.functionreference",
  "pk": 110,
  "fields": {
    "name": "Аналитика",
    "block": 19
  }
},
{
  "model": "references.functionreference",
  "pk": 111,
  "fields": {
    "name": "Защита инфраструктуры",
    "block": 19
  }
},
{
  "model": "references.functionreference",
  "pk": 112,
  "fields": {
    "name": "Оцифровка показателей",
    "block": 20
  }
},
{
  "model": "references.functionreference",
  "pk": 113,
  "fields": {
    "name": "Анализ показателей",
    "block": 20
  }
},
{
  "model": "references.functionreference",
  "pk": 114,
  "fields": {
    "name": "Планирование и автоматизация",
    "block": 20
  }
},
{
  "model": "references.functionreference",
  "pk": 115,
  "fields": {
    "name": "мотивация персонала",
    "block": 21
  }
},
{
  "model": "references.functionreference",
  "pk": 116,
  "fields": {
    "name": "HR-аналитика",
    "block": 21
  }
},
{
  "model": "references.functionreference",
  "pk": 117,
  "fields": {
    "name": "Организационное развитие",
    "block": 21
  }
},
{
  "model": "references.functionreference",
  "pk": 118,
  "fields": {
    "name": "Социальная политика",
    "block": 21
  }
},
{
  "model": "references.functionreference",
  "pk": 119,
  "fields": {
    "name": "Подбора персонала",
    "block": 21
  }
},
{
  "model": "references.functionreference",
  "pk": 120,
  "fields": {
    "name": "адаптация персонала и работа с учебными заведениями",
    "block": 21
  }
},
{
  "model": "references.functionreference",
  "pk": 121,
  "fields": {
    "name": "аналитика каналов привлечения",
    "block": 21
  }
},
{
  "model": "references.functionreference",
  "pk": 122,
  "fields": {
    "name": "Кадровое администрирование и наградная политика",
    "block": 21
  }
},
{
  "model": "references.functionreference",
  "pk": 123,
  "fields": {
    "name": "Обучение персонала",
    "block": 21
  }
},
{
  "model": "references.functionreference",
  "pk": 124,
  "fields": {
    "name": "Работа с регионами",
    "block": 21
  }
},
{
  "model": "references.functionreference",
  "pk": 125,
  "fields": {
    "name": "Организационное делопроизводство",
    "block": 22
  }
},
{
  "model": "references.functionreference",
  "pk": 126,
  "fields": {
    "name": "Работа с архивом",
    "block": 22
  }
},
{
  "model": "references.functionreference",
  "pk": 127,
  "fields": {
    "name": "Переводы",
    "block": 22
  }
},
{
  "model": "references.functionreference",
  "pk": 128,
  "fields": {
    "name": "Энергетика",
    "block": 4
  }
},
{
  "model": "references.functionreference",
  "pk": 129,
  "fields": {
    "name": "Развитие территорий",
    "block": 23
  }
},
{
  "model": "references.functionreference",
  "pk": 130,
  "fields": {
    "name": "Информационная политика",
    "block": 25
  }
},
{
  "model": "references.functionreference",
  "pk": 131,
  "fields": {
    "name": "Связи с общественностью",
    "block": 25
  }
},
{
  "model": "references.functionreference",
  "pk": 132,
  "fields": {
    "name": "Manual Function A",
    "block": null
  }
},
{
  "model": "references.functionreference",
  "pk": 133,
  "fields": {
    "name": "Manual Function B",
    "block": null
  }
},
{
  "model": "references.digitaldirection",
  "pk": 1,
  "fields": {
    "name": "Единый центр данных (Data Hub)",
    "quadrant": 1
  }
},
{
  "model": "references.digitaldirection",
  "pk": 2,
  "fields": {
    "name": "Искусственный интеллект во всех процессах",
    "quadrant": 2
  }
},
{
  "model": "references.digitaldirection",
  "pk": 3,
  "fields": {
    "name": "Автономные комплексы на всех предприятиях",
    "quadrant": 3
  }
},
{
  "model": "references.digitaldirection",
  "pk": 4,
  "fields": {
    "name": "Надёжная и безопасная цифровая инфраструктура",
    "quadrant": 4
  }
},
{
  "model": "references.vendor",
  "pk": 12,
  "fields": {
    "name": "Vendor A"
  }
},
{
  "model": "references.vendor",
  "pk": 13,
  "fields": {
    "name": "Vendor B"
  }
},
{
  "model": "references.vendor",
  "pk": 14,
  "fields": {
    "name": "Цифра"
  }
},
{
  "model": "references.vendor",
  "pk": 15,
  "fields": {
    "name": "Вендор 10"
  }
},
{
  "model": "references.vendor",
  "pk": 16,
  "fields": {
    "name": "Вендор 9"
  }
},
{
  "model": "references.vendor",
  "pk": 17,
  "fields": {
    "name": "Вендор 7"
  }
},
{
  "model": "references.vendor",
  "pk": 18,
  "fields": {
    "name": "Вендор 1"
  }
},
{
  "model": "references.vendor",
  "pk": 19,
  "fields": {
    "name": "Вендор 2"
  }
},
{
  "model": "references.vendor",
  "pk": 20,
  "fields": {
    "name": "Вендор 3"
  }
},
{
  "model": "references.vendor",
  "pk": 21,
  "fields": {
    "name": "Вендор 4"
  }
},
{
  "model": "references.vendor",
  "pk": 22,
  "fields": {
    "name": "Вендор 5"
  }
},
{
  "model": "references.vendor",
  "pk": 23,
  "fields": {
    "name": "Вендор 6"
  }
},
{
  "model": "references.vendor",
  "pk": 24,
  "fields": {
    "name": "Вендор 8"
  }
},
{
  "model": "references.vendor",
  "pk": 25,
  "fields": {
    "name": "Палет"
  }
},
{
  "model": "references.integrator",
  "pk": 1,
  "fields": {
    "name": "Интегратор 1"
  }
},
{
  "model": "references.integrator",
  "pk": 2,
  "fields": {
    "name": "Интегратор 2"
  }
},
{
  "model": "references.integrator",
  "pk": 3,
  "fields": {
    "name": "Интегратор 3"
  }
},
{
  "model": "references.integrator",
  "pk": 4,
  "fields": {
    "name": "Интегратор 4"
  }
},
{
  "model": "references.integrator",
  "pk": 5,
  "fields": {
    "name": "Интегратор 5"
  }
},
{
  "model": "references.integrator",
  "pk": 6,
  "fields": {
    "name": "Интегратор 6"
  }
},
{
  "model": "references.integrator",
  "pk": 7,
  "fields": {
    "name": "Интегратор 7"
  }
},
{
  "model": "references.integrator",
  "pk": 8,
  "fields": {
    "name": "Интегратор 8"
  }
},
{
  "model": "references.integrator",
  "pk": 9,
  "fields": {
    "name": "Интегратор 9"
  }
},
{
  "model": "references.integrator",
  "pk": 10,
  "fields": {
    "name": "Интегратор 10"
  }
},
{
  "model": "references.integrator",
  "pk": 11,
  "fields": {
    "name": "Manual Integrator 1"
  }
},
{
  "model": "references.integrator",
  "pk": 12,
  "fields": {
    "name": "Manual Integrator 2"
  }
},
{
  "model": "references.integrator",
  "pk": 13,
  "fields": {
    "name": "Ультиматек"
  }
},
{
  "model": "references.integrator",
  "pk": 14,
  "fields": {
    "name": "Микта"
  }
},
{
  "model": "references.enterprise",
  "pk": 1,
  "fields": {
    "name": "РМК",
    "code": "RMK",
    "description": "Рудно-металлургическая компания"
  }
},
{
  "model": "references.enterprise",
  "pk": 2,
  "fields": {
    "name": "ТГОК",
    "code": "TGOK",
    "description": "Таштагольский горно-обогатительный комбинат"
  }
},
{
  "model": "references.enterprise",
  "pk": 3,
  "fields": {
    "name": "МГОК",
    "code": "MGOK",
    "description": "Майский горно-обогатительный комбинат"
  }
},
{
  "model": "references.enterprise",
  "pk": 4,
  "fields": {
    "name": "КБМ",
    "code": "KBM",
    "description": "Краснобродский разрез"
  }
},
{
  "model": "references.enterprise",
  "pk": 5,
  "fields": {
    "name": "КМЭЗ",
    "code": "KMEZ",
    "description": "Кузнецкий металлургический завод"
  }
},
{
  "model": "references.enterprise",
  "pk": 6,
  "fields": {
    "name": "АМК",
    "code": "AMK",
    "description": "Абаканский металлургический комбинат"
  }
},
{
  "model": "references.enterpriseblockmapping",
  "pk": 55,
  "fields": {
    "enterprise": 1,
    "block": 1
  }
},
{
  "model": "references.enterpriseblockmapping",
  "pk": 56,
  "fields": {
    "enterprise": 1,
    "block": 2
  }
},
{
  "model": "references.enterpriseblockmapping",
  "pk": 57,
  "fields": {
    "enterprise": 1,
    "block": 3
  }
},
{
  "model": "references.enterpriseblockmapping",
  "pk": 58,
  "fields": {
    "enterprise": 1,
    "block": 8
  }
},
{
  "model": "references.enterpriseblockmapping",
  "pk": 59,
  "fields": {
    "enterprise": 1,
    "block": 9
  }
},
{
  "model": "references.enterpriseblockmapping",
  "pk": 60,
  "fields": {
    "enterprise": 1,
    "block": 24
  }
},
{
  "model": "references.enterpriseblockmapping",
  "pk": 61,
  "fields": {
    "enterprise": 2,
    "block": 1
  }
},
{
  "model": "references.enterpriseblockmapping",
  "pk": 62,
  "fields": {
    "enterprise": 2,
    "block": 2
  }
},
{
  "model": "references.enterpriseblockmapping",
  "pk": 63,
  "fields": {
    "enterprise": 2,
    "block": 5
  }
},
{
  "model": "references.enterpriseblockmapping",
  "pk": 64,
  "fields": {
    "enterprise": 2,
    "block": 10
  }
},
{
  "model": "references.enterpriseblockmapping",
  "pk": 65,
  "fields": {
    "enterprise": 3,
    "block": 1
  }
},
{
  "model": "references.enterpriseblockmapping",
  "pk": 66,
  "fields": {
    "enterprise": 3,
    "block": 2
  }
},
{
  "model": "references.enterpriseblockmapping",
  "pk": 67,
  "fields": {
    "enterprise": 3,
    "block": 5
  }
},
{
  "model": "references.enterpriseblockmapping",
  "pk": 68,
  "fields": {
    "enterprise": 3,
    "block": 10
  }
},
{
  "model": "references.enterpriseblockmapping",
  "pk": 69,
  "fields": {
    "enterprise": 4,
    "block": 3
  }
},
{
  "model": "references.enterpriseblockmapping",
  "pk": 70,
  "fields": {
    "enterprise": 4,
    "block": 5
  }
},
{
  "model": "references.enterpriseblockmapping",
  "pk": 72,
  "fields": {
    "enterprise": 5,
    "block": 1
  }
},
{
  "model": "references.enterpriseblockmapping",
  "pk": 73,
  "fields": {
    "enterprise": 5,
    "block": 2
  }
},
{
  "model": "references.enterpriseblockmapping",
  "pk": 74,
  "fields": {
    "enterprise": 5,
    "block": 3
  }
},
{
  "model": "references.enterpriseblockmapping",
  "pk": 75,
  "fields": {
    "enterprise": 5,
    "block": 5
  }
},
{
  "model": "references.enterpriseblockmapping",
  "pk": 76,
  "fields": {
    "enterprise": 5,
    "block": 10
  }
},
{
  "model": "references.enterpriseblockmapping",
  "pk": 77,
  "fields": {
    "enterprise": 5,
    "block": 24
  }
},
{
  "model": "references.enterpriseblockmapping",
  "pk": 78,
  "fields": {
    "enterprise": 6,
    "block": 1
  }
},
{
  "model": "references.enterpriseblockmapping",
  "pk": 79,
  "fields": {
    "enterprise": 6,
    "block": 2
  }
},
{
  "model": "auth_custom.userprofile",
  "pk": 2,
  "fields": {
    "user": [
      "admin"
    ],
    "role": "admin",
    "legacy_role": "",
    "is_2fa_enabled": true,
    "totp_secret": "YUHOT6UEG55FQ3RUB32RH2WCZ3DGOO7Y",
    "created_at": "2026-03-04T11:58:26.566Z",
    "updated_at": "2026-03-16T07:26:10.254Z"
  }
},
{
  "model": "auth_custom.userprofile",
  "pk": 3,
  "fields": {
    "user": [
      "architect"
    ],
    "role": "owner",
    "legacy_role": "",
    "is_2fa_enabled": false,
    "totp_secret": "",
    "created_at": "2026-03-04T11:58:28.352Z",
    "updated_at": "2026-03-16T07:03:22.756Z"
  }
},
{
  "model": "auth_custom.userprofile",
  "pk": 4,
  "fields": {
    "user": [
      "director"
    ],
    "role": "owner",
    "legacy_role": "",
    "is_2fa_enabled": false,
    "totp_secret": "",
    "created_at": "2026-03-04T11:58:29.883Z",
    "updated_at": "2026-03-16T07:03:22.760Z"
  }
},
{
  "model": "auth_custom.userprofile",
  "pk": 5,
  "fields": {
    "user": [
      "project_manager"
    ],
    "role": "owner",
    "legacy_role": "",
    "is_2fa_enabled": false,
    "totp_secret": "",
    "created_at": "2026-03-04T11:58:31.367Z",
    "updated_at": "2026-03-16T07:03:22.764Z"
  }
},
{
  "model": "auth_custom.userprofile",
  "pk": 6,
  "fields": {
    "user": [
      "analyst"
    ],
    "role": "editor",
    "legacy_role": "",
    "is_2fa_enabled": false,
    "totp_secret": "",
    "created_at": "2026-03-04T11:58:32.805Z",
    "updated_at": "2026-03-17T10:38:49.180Z"
  }
},
{
  "model": "auth_custom.userprofile",
  "pk": 7,
  "fields": {
    "user": [
      "viewer"
    ],
    "role": "guest",
    "legacy_role": "",
    "is_2fa_enabled": false,
    "totp_secret": "",
    "created_at": "2026-03-04T11:58:34.173Z",
    "updated_at": "2026-03-16T07:03:22.776Z"
  }
},
{
  "model": "auth_custom.userprofile",
  "pk": 9,
  "fields": {
    "user": [
      "owner"
    ],
    "role": "owner",
    "legacy_role": "",
    "is_2fa_enabled": true,
    "totp_secret": "JGRJZG5RF4SNOAD4RJJOOXJYUHIF4PA2",
    "created_at": "2026-03-11T04:14:14.417Z",
    "updated_at": "2026-03-16T09:57:05.302Z"
  }
},
{
  "model": "auth_custom.userprofile",
  "pk": 10,
  "fields": {
    "user": [
      "editor"
    ],
    "role": "editor",
    "legacy_role": "",
    "is_2fa_enabled": true,
    "totp_secret": "IYXUP3C5C2ESEDJKKSUUNOZMBHONCK6I",
    "created_at": "2026-03-11T04:14:15.634Z",
    "updated_at": "2026-03-17T11:21:43.748Z"
  }
},
{
  "model": "auth_custom.userprofile",
  "pk": 11,
  "fields": {
    "user": [
      "guest"
    ],
    "role": "guest",
    "legacy_role": "",
    "is_2fa_enabled": false,
    "totp_secret": "",
    "created_at": "2026-03-11T04:14:16.614Z",
    "updated_at": "2026-03-16T07:03:22.752Z"
  }
},
{
  "model": "auth_custom.refreshtoken",
  "pk": 1,
  "fields": {
    "user": [
      "admin"
    ],
    "jti": "d889fc3d4ba34e3687d4a5011929c0f3",
    "expires_at": "2026-03-12T04:25:34.290Z",
    "revoked_at": "2026-03-05T04:25:34.614Z",
    "created_at": "2026-03-05T04:25:34.294Z"
  }
},
{
  "model": "auth_custom.refreshtoken",
  "pk": 2,
  "fields": {
    "user": [
      "admin"
    ],
    "jti": "c7a02b8fbff44456a0f33f9d9bcee5bf",
    "expires_at": "2026-03-12T04:25:34.636Z",
    "revoked_at": null,
    "created_at": "2026-03-05T04:25:34.639Z"
  }
},
{
  "model": "auth_custom.refreshtoken",
  "pk": 3,
  "fields": {
    "user": [
      "admin"
    ],
    "jti": "2f478cedc1ea4784b49881509a141ecc",
    "expires_at": "2026-03-12T04:28:40.756Z",
    "revoked_at": null,
    "created_at": "2026-03-05T04:28:40.758Z"
  }
},
{
  "model": "auth_custom.refreshtoken",
  "pk": 4,
  "fields": {
    "user": [
      "admin"
    ],
    "jti": "e252f138b47641789158c3324baafa80",
    "expires_at": "2026-03-12T04:42:11.941Z",
    "revoked_at": null,
    "created_at": "2026-03-05T04:42:11.942Z"
  }
},
{
  "model": "auth_custom.refreshtoken",
  "pk": 5,
  "fields": {
    "user": [
      "admin"
    ],
    "jti": "3a2da396956243a4b08d116312f5b086",
    "expires_at": "2026-03-12T05:00:01.706Z",
    "revoked_at": null,
    "created_at": "2026-03-05T05:00:01.708Z"
  }
},
{
  "model": "auth_custom.refreshtoken",
  "pk": 6,
  "fields": {
    "user": [
      "analyst"
    ],
    "jti": "ef7796aa52b7445eb8ec8ff6d00184cb",
    "expires_at": "2026-03-12T05:02:38.193Z",
    "revoked_at": null,
    "created_at": "2026-03-05T05:02:38.193Z"
  }
},
{
  "model": "auth_custom.refreshtoken",
  "pk": 7,
  "fields": {
    "user": [
      "admin"
    ],
    "jti": "6682c0d197a34196b2c0daf2b9435357",
    "expires_at": "2026-03-12T06:32:52.077Z",
    "revoked_at": null,
    "created_at": "2026-03-05T06:32:52.079Z"
  }
},
{
  "model": "auth_custom.refreshtoken",
  "pk": 8,
  "fields": {
    "user": [
      "admin"
    ],
    "jti": "f97f601078304390ae29e5f49ecf5763",
    "expires_at": "2026-03-12T09:06:37.448Z",
    "revoked_at": null,
    "created_at": "2026-03-05T09:06:37.453Z"
  }
},
{
  "model": "auth_custom.refreshtoken",
  "pk": 9,
  "fields": {
    "user": [
      "admin"
    ],
    "jti": "36095154a33b40ce96354824d9af8b35",
    "expires_at": "2026-03-12T10:07:11.081Z",
    "revoked_at": null,
    "created_at": "2026-03-05T10:07:11.083Z"
  }
},
{
  "model": "auth_custom.refreshtoken",
  "pk": 10,
  "fields": {
    "user": [
      "admin"
    ],
    "jti": "818c4cd9d62d42f2acf394de93cf970c",
    "expires_at": "2026-03-12T10:47:38.052Z",
    "revoked_at": null,
    "created_at": "2026-03-05T10:47:38.053Z"
  }
},
{
  "model": "auth_custom.refreshtoken",
  "pk": 11,
  "fields": {
    "user": [
      "admin"
    ],
    "jti": "c7092ec330094c4ab7703abeb7fa0366",
    "expires_at": "2026-03-12T11:37:39.562Z",
    "revoked_at": null,
    "created_at": "2026-03-05T11:37:39.563Z"
  }
},
{
  "model": "auth_custom.refreshtoken",
  "pk": 12,
  "fields": {
    "user": [
      "admin"
    ],
    "jti": "bc70e9249f5b4a36ba1be9503b834658",
    "expires_at": "2026-03-12T11:40:44.817Z",
    "revoked_at": null,
    "created_at": "2026-03-05T11:40:44.818Z"
  }
},
{
  "model": "auth_custom.refreshtoken",
  "pk": 13,
  "fields": {
    "user": [
      "admin"
    ],
    "jti": "d7e157039375469e9d6f33c9e91e514e",
    "expires_at": "2026-03-12T11:51:36.435Z",
    "revoked_at": null,
    "created_at": "2026-03-05T11:51:36.439Z"
  }
},
{
  "model": "auth_custom.refreshtoken",
  "pk": 14,
  "fields": {
    "user": [
      "architect"
    ],
    "jti": "a330c8ae59ad4f90ba2abd6cac4af13e",
    "expires_at": "2026-03-13T09:18:55.944Z",
    "revoked_at": null,
    "created_at": "2026-03-06T09:18:55.950Z"
  }
},
{
  "model": "auth_custom.refreshtoken",
  "pk": 15,
  "fields": {
    "user": [
      "admin"
    ],
    "jti": "dcfd1c6d050548dcb3d0dd882c0f019a",
    "expires_at": "2026-03-13T09:22:06.243Z",
    "revoked_at": null,
    "created_at": "2026-03-06T09:22:06.244Z"
  }
},
{
  "model": "auth_custom.refreshtoken",
  "pk": 16,
  "fields": {
    "user": [
      "admin"
    ],
    "jti": "a8eccb4cfbee4a139c9d4ffcd6e315f1",
    "expires_at": "2026-03-13T10:05:48.274Z",
    "revoked_at": null,
    "created_at": "2026-03-06T10:05:48.285Z"
  }
},
{
  "model": "auth_custom.refreshtoken",
  "pk": 17,
  "fields": {
    "user": [
      "admin"
    ],
    "jti": "2f8251c1c9e54e50a59610053e61ee4c",
    "expires_at": "2026-03-13T10:39:48.839Z",
    "revoked_at": null,
    "created_at": "2026-03-06T10:39:48.842Z"
  }
},
{
  "model": "auth_custom.refreshtoken",
  "pk": 18,
  "fields": {
    "user": [
      "admin"
    ],
    "jti": "d524dbca74f843a9b205c99f69948af3",
    "expires_at": "2026-03-20T11:24:09.143Z",
    "revoked_at": null,
    "created_at": "2026-03-06T11:24:09.143Z"
  }
},
{
  "model": "auth_custom.refreshtoken",
  "pk": 19,
  "fields": {
    "user": [
      "admin"
    ],
    "jti": "2e30b7cdbd434925aa17236e45533c6d",
    "expires_at": "2026-03-24T05:18:44.345Z",
    "revoked_at": null,
    "created_at": "2026-03-10T05:18:44.347Z"
  }
},
{
  "model": "auth_custom.refreshtoken",
  "pk": 20,
  "fields": {
    "user": [
      "admin"
    ],
    "jti": "10d10cc587374069aac66ea98007d6da",
    "expires_at": "2026-03-24T06:26:08.595Z",
    "revoked_at": null,
    "created_at": "2026-03-10T06:26:08.596Z"
  }
},
{
  "model": "auth_custom.refreshtoken",
  "pk": 21,
  "fields": {
    "user": [
      "admin"
    ],
    "jti": "a65235a1c0f247edae7f50c550c6af68",
    "expires_at": "2026-03-25T04:09:27.082Z",
    "revoked_at": null,
    "created_at": "2026-03-11T04:09:27.087Z"
  }
},
{
  "model": "auth_custom.refreshtoken",
  "pk": 22,
  "fields": {
    "user": [
      "admin"
    ],
    "jti": "5649ee6939cc4be9985feeaa0cfd6484",
    "expires_at": "2026-03-25T05:37:55.317Z",
    "revoked_at": null,
    "created_at": "2026-03-11T05:37:55.325Z"
  }
},
{
  "model": "auth_custom.refreshtoken",
  "pk": 23,
  "fields": {
    "user": [
      "owner"
    ],
    "jti": "96cb7e4174a44696ac59c4486a4b6aec",
    "expires_at": "2026-03-25T05:38:45.311Z",
    "revoked_at": null,
    "created_at": "2026-03-11T05:38:45.321Z"
  }
},
{
  "model": "auth_custom.refreshtoken",
  "pk": 24,
  "fields": {
    "user": [
      "editor"
    ],
    "jti": "8afc98a3275543c2a045410d1e06f9c5",
    "expires_at": "2026-03-25T05:40:10.255Z",
    "revoked_at": null,
    "created_at": "2026-03-11T05:40:10.271Z"
  }
},
{
  "model": "auth_custom.refreshtoken",
  "pk": 25,
  "fields": {
    "user": [
      "guest"
    ],
    "jti": "a39e58728ab245c9beda783edf615cd1",
    "expires_at": "2026-03-25T05:41:02.199Z",
    "revoked_at": null,
    "created_at": "2026-03-11T05:41:02.203Z"
  }
},
{
  "model": "auth_custom.refreshtoken",
  "pk": 26,
  "fields": {
    "user": [
      "admin"
    ],
    "jti": "f5b13f07f6494faf88a55692857ba444",
    "expires_at": "2026-03-25T05:41:50.246Z",
    "revoked_at": null,
    "created_at": "2026-03-11T05:41:50.252Z"
  }
},
{
  "model": "auth_custom.refreshtoken",
  "pk": 27,
  "fields": {
    "user": [
      "editor"
    ],
    "jti": "d388adcdd42d4360adae53c6712f0c66",
    "expires_at": "2026-03-25T07:21:25.014Z",
    "revoked_at": null,
    "created_at": "2026-03-11T07:21:25.016Z"
  }
},
{
  "model": "auth_custom.refreshtoken",
  "pk": 28,
  "fields": {
    "user": [
      "admin"
    ],
    "jti": "19445fe4f91b429fa307b470b42e6cd8",
    "expires_at": "2026-03-25T09:28:55.907Z",
    "revoked_at": null,
    "created_at": "2026-03-11T09:28:55.908Z"
  }
},
{
  "model": "auth_custom.refreshtoken",
  "pk": 29,
  "fields": {
    "user": [
      "admin"
    ],
    "jti": "90ad8fb5c7b5441190bbc58334d1b74f",
    "expires_at": "2026-03-25T09:55:06.990Z",
    "revoked_at": null,
    "created_at": "2026-03-11T09:55:06.992Z"
  }
},
{
  "model": "auth_custom.refreshtoken",
  "pk": 30,
  "fields": {
    "user": [
      "admin"
    ],
    "jti": "5816a033f36a4761b567bcc0d41958fb",
    "expires_at": "2026-03-25T10:55:08.240Z",
    "revoked_at": null,
    "created_at": "2026-03-11T10:55:08.245Z"
  }
},
{
  "model": "auth_custom.refreshtoken",
  "pk": 31,
  "fields": {
    "user": [
      "admin"
    ],
    "jti": "26b181b3ce084a69b6e8802364a8abec",
    "expires_at": "2026-03-23T07:22:19.022Z",
    "revoked_at": null,
    "created_at": "2026-03-16T07:22:19.024Z"
  }
},
{
  "model": "auth_custom.refreshtoken",
  "pk": 32,
  "fields": {
    "user": [
      "admin"
    ],
    "jti": "de75af690b90468da82445ef876826d0",
    "expires_at": "2026-03-23T07:26:10.332Z",
    "revoked_at": null,
    "created_at": "2026-03-16T07:26:10.333Z"
  }
},
{
  "model": "auth_custom.refreshtoken",
  "pk": 33,
  "fields": {
    "user": [
      "admin"
    ],
    "jti": "a9bb53dab58b436d9b4723b291bf3eb1",
    "expires_at": "2026-03-23T09:48:45.515Z",
    "revoked_at": null,
    "created_at": "2026-03-16T09:48:45.517Z"
  }
},
{
  "model": "auth_custom.refreshtoken",
  "pk": 34,
  "fields": {
    "user": [
      "owner"
    ],
    "jti": "3653667a233b48d88a84c52a2d996924",
    "expires_at": "2026-03-23T09:57:05.319Z",
    "revoked_at": null,
    "created_at": "2026-03-16T09:57:05.319Z"
  }
},
{
  "model": "auth_custom.refreshtoken",
  "pk": 35,
  "fields": {
    "user": [
      "admin"
    ],
    "jti": "418a1f0760f9488cbf5b15b72c787524",
    "expires_at": "2026-03-23T10:08:52.113Z",
    "revoked_at": null,
    "created_at": "2026-03-16T10:08:52.114Z"
  }
},
{
  "model": "auth_custom.refreshtoken",
  "pk": 36,
  "fields": {
    "user": [
      "admin"
    ],
    "jti": "a0c51af0e6f24614896dc7e05a3c40a5",
    "expires_at": "2026-03-23T12:58:39.636Z",
    "revoked_at": null,
    "created_at": "2026-03-16T12:58:39.636Z"
  }
},
{
  "model": "auth_custom.refreshtoken",
  "pk": 37,
  "fields": {
    "user": [
      "admin"
    ],
    "jti": "d3b667f5070240b5a8e3cc760133e953",
    "expires_at": "2026-03-24T03:54:43.093Z",
    "revoked_at": null,
    "created_at": "2026-03-17T03:54:43.095Z"
  }
},
{
  "model": "auth_custom.refreshtoken",
  "pk": 38,
  "fields": {
    "user": [
      "admin"
    ],
    "jti": "37be0e4e886d4d2bb6289164e73fd9f6",
    "expires_at": "2026-03-24T10:13:20.680Z",
    "revoked_at": null,
    "created_at": "2026-03-17T10:13:20.680Z"
  }
},
{
  "model": "auth_custom.refreshtoken",
  "pk": 39,
  "fields": {
    "user": [
      "admin"
    ],
    "jti": "f55367c388b84ec39cc4d4516c495697",
    "expires_at": "2026-03-24T10:28:05.924Z",
    "revoked_at": null,
    "created_at": "2026-03-17T10:28:05.929Z"
  }
},
{
  "model": "auth_custom.refreshtoken",
  "pk": 40,
  "fields": {
    "user": [
      "editor"
    ],
    "jti": "b3a36968df074d3f96d7addf52052bf6",
    "expires_at": "2026-03-24T11:21:43.767Z",
    "revoked_at": null,
    "created_at": "2026-03-17T11:21:43.778Z"
  }
},
{
  "model": "auth_custom.refreshtoken",
  "pk": 41,
  "fields": {
    "user": [
      "admin"
    ],
    "jti": "a9a62f4fb73d4927b4e65c82d48442e5",
    "expires_at": "2026-03-24T11:44:52.324Z",
    "revoked_at": null,
    "created_at": "2026-03-17T11:44:52.329Z"
  }
},
{
  "model": "auth_custom.refreshtoken",
  "pk": 42,
  "fields": {
    "user": [
      "editor"
    ],
    "jti": "f24b5e98297848fe8e369738db8c2194",
    "expires_at": "2026-03-24T11:46:25.495Z",
    "revoked_at": null,
    "created_at": "2026-03-17T11:46:25.499Z"
  }
},
{
  "model": "auth_custom.refreshtoken",
  "pk": 43,
  "fields": {
    "user": [
      "admin"
    ],
    "jti": "e37b8edf2ea442998254976c227a9688",
    "expires_at": "2026-03-24T11:48:05.893Z",
    "revoked_at": null,
    "created_at": "2026-03-17T11:48:05.895Z"
  }
},
{
  "model": "auth_custom.refreshtoken",
  "pk": 44,
  "fields": {
    "user": [
      "editor"
    ],
    "jti": "8f5ae52c0d2e49c4990a8f2a343fb565",
    "expires_at": "2026-03-24T11:59:06.275Z",
    "revoked_at": null,
    "created_at": "2026-03-17T11:59:06.279Z"
  }
},
{
  "model": "auth_custom.refreshtoken",
  "pk": 45,
  "fields": {
    "user": [
      "admin"
    ],
    "jti": "e19b7dffb21842a5a3f200852abcd486",
    "expires_at": "2026-03-24T12:00:54.544Z",
    "revoked_at": null,
    "created_at": "2026-03-17T12:00:54.545Z"
  }
},
{
  "model": "auth_custom.refreshtoken",
  "pk": 46,
  "fields": {
    "user": [
      "editor"
    ],
    "jti": "7d8fd98f21a64bff8875f3b2330a79e9",
    "expires_at": "2026-03-24T12:17:41.021Z",
    "revoked_at": null,
    "created_at": "2026-03-17T12:17:41.028Z"
  }
},
{
  "model": "auth_custom.refreshtoken",
  "pk": 47,
  "fields": {
    "user": [
      "admin"
    ],
    "jti": "5d1e5e5c0e374ae382c3d3a433ef5757",
    "expires_at": "2026-03-24T12:19:21.418Z",
    "revoked_at": null,
    "created_at": "2026-03-17T12:19:21.421Z"
  }
},
{
  "model": "auth_custom.refreshtoken",
  "pk": 48,
  "fields": {
    "user": [
      "editor"
    ],
    "jti": "53d4c229720d428995568b1ec349007c",
    "expires_at": "2026-03-24T12:34:12.559Z",
    "revoked_at": null,
    "created_at": "2026-03-17T12:34:12.559Z"
  }
},
{
  "model": "auth_custom.refreshtoken",
  "pk": 49,
  "fields": {
    "user": [
      "admin"
    ],
    "jti": "2d58979f7ee14136809c76cccbaacd05",
    "expires_at": "2026-03-24T12:35:21.068Z",
    "revoked_at": null,
    "created_at": "2026-03-17T12:35:21.074Z"
  }
},
{
  "model": "admin_panel.auditlog",
  "pk": 1,
  "fields": {
    "actor": [
      "admin"
    ],
    "action": "login",
    "entity_type": "auth",
    "entity_id": "2",
    "before_data": {},
    "after_data": {},
    "metadata": {
      "event": "login",
      "outcome": "success",
      "username": "admin",
      "reason": "",
      "status_code": 200
    },
    "ip_address": "127.0.0.1",
    "user_agent": "Mozilla/5.0 (Windows NT 10.0; Win64; x64) AppleWebKit/537.36 (KHTML, like Gecko) Chrome/145.0.0.0 Safari/537.36 Edg/145.0.0.0",
    "created_at": "2026-03-06T09:17:56.670Z"
  }
},
{
  "model": "admin_panel.auditlog",
  "pk": 2,
  "fields": {
    "actor": [
      "architect"
    ],
    "action": "login",
    "entity_type": "auth",
    "entity_id": "3",
    "before_data": {},
    "after_data": {},
    "metadata": {
      "event": "login",
      "outcome": "success",
      "username": "architect",
      "reason": "",
      "status_code": 200
    },
    "ip_address": "127.0.0.1",
    "user_agent": "Mozilla/5.0 (Windows NT 10.0; Win64; x64) AppleWebKit/537.36 (KHTML, like Gecko) Chrome/145.0.0.0 Safari/537.36 Edg/145.0.0.0",
    "created_at": "2026-03-06T09:18:21.581Z"
  }
},
{
  "model": "admin_panel.auditlog",
  "pk": 3,
  "fields": {
    "actor": null,
    "action": "login",
    "entity_type": "auth",
    "entity_id": "",
    "before_data": {},
    "after_data": {},
    "metadata": {
      "event": "login",
      "outcome": "failure",
      "username": "archhf",
      "reason": "invalid_credentials",
      "status_code": 401
    },
    "ip_address": "127.0.0.1",
    "user_agent": "Mozilla/5.0 (Windows NT 10.0; Win64; x64) AppleWebKit/537.36 (KHTML, like Gecko) Chrome/145.0.0.0 Safari/537.36 Edg/145.0.0.0",
    "created_at": "2026-03-06T09:21:01.913Z"
  }
},
{
  "model": "admin_panel.auditlog",
  "pk": 4,
  "fields": {
    "actor": [
      "director"
    ],
    "action": "login",
    "entity_type": "auth",
    "entity_id": "4",
    "before_data": {},
    "after_data": {},
    "metadata": {
      "event": "login",
      "outcome": "success",
      "username": "director",
      "reason": "",
      "status_code": 200
    },
    "ip_address": "127.0.0.1",
    "user_agent": "Mozilla/5.0 (Windows NT 10.0; Win64; x64) AppleWebKit/537.36 (KHTML, like Gecko) Chrome/145.0.0.0 Safari/537.36 Edg/145.0.0.0",
    "created_at": "2026-03-06T09:21:17.709Z"
  }
},
{
  "model": "admin_panel.auditlog",
  "pk": 5,
  "fields": {
    "actor": [
      "admin"
    ],
    "action": "login",
    "entity_type": "auth",
    "entity_id": "2",
    "before_data": {},
    "after_data": {},
    "metadata": {
      "event": "login",
      "outcome": "success",
      "username": "admin",
      "reason": "",
      "status_code": 200
    },
    "ip_address": "127.0.0.1",
    "user_agent": "Mozilla/5.0 (Windows NT 10.0; Win64; x64) AppleWebKit/537.36 (KHTML, like Gecko) Chrome/145.0.0.0 Safari/537.36 Edg/145.0.0.0",
    "created_at": "2026-03-06T09:21:53.180Z"
  }
},
{
  "model": "admin_panel.auditlog",
  "pk": 6,
  "fields": {
    "actor": [
      "admin"
    ],
    "action": "create",
    "entity_type": "technology",
    "entity_id": "22",
    "before_data": {},
    "after_data": {
      "id": 22,
      "name": "fbvhfv",
      "description": "dfv dfjn",
      "block": 3,
      "blocks": [
        3
      ],
      "function": "Конвертирование",
      "functionCoverage": [
        "Конвертирование"
      ],
      "enterprises": [],
      "directions": [
        2
      ],
      "trlStage": 3,
      "status": "Внедрена",
      "vendors": [],
      "marketExamples": [],
      "documentationFiles": []
    },
    "metadata": {},
    "ip_address": "127.0.0.1",
    "user_agent": "Mozilla/5.0 (Windows NT 10.0; Win64; x64) AppleWebKit/537.36 (KHTML, like Gecko) Chrome/145.0.0.0 Safari/537.36 Edg/145.0.0.0",
    "created_at": "2026-03-06T09:23:52.483Z"
  }
},
{
  "model": "admin_panel.auditlog",
  "pk": 7,
  "fields": {
    "actor": [
      "admin"
    ],
    "action": "update",
    "entity_type": "technology",
    "entity_id": "22",
    "before_data": {
      "id": 22,
      "name": "fbvhfv",
      "description": "dfv dfjn",
      "block": 3,
      "blocks": [
        3
      ],
      "function": "Конвертирование",
      "functionCoverage": [
        "Конвертирование"
      ],
      "enterprises": [],
      "directions": [
        2
      ],
      "trlStage": 3,
      "status": "Внедрена",
      "vendors": [],
      "marketExamples": [],
      "documentationFiles": []
    },
    "after_data": {
      "id": 22,
      "name": "fbvhfv",
      "description": "dfv dfjn",
      "block": 3,
      "blocks": [
        3
      ],
      "function": "Конвертирование",
      "functionCoverage": [
        "Конвертирование"
      ],
      "enterprises": [
        {
          "enterpriseId": 1,
          "technologicalReadiness": 1,
          "organizationalReadiness": 2,
          "status": "Невнедренна"
        }
      ],
      "directions": [
        2
      ],
      "trlStage": 3,
      "status": "Внедрена",
      "vendors": [
        {
          "name": "Вендор 10",
          "integrators": []
        }
      ],
      "marketExamples": [
        "dfvdfv"
      ],
      "documentationFiles": []
    },
    "metadata": {},
    "ip_address": "127.0.0.1",
    "user_agent": "Mozilla/5.0 (Windows NT 10.0; Win64; x64) AppleWebKit/537.36 (KHTML, like Gecko) Chrome/145.0.0.0 Safari/537.36 Edg/145.0.0.0",
    "created_at": "2026-03-06T09:25:13.057Z"
  }
},
{
  "model": "admin_panel.auditlog",
  "pk": 8,
  "fields": {
    "actor": [
      "admin"
    ],
    "action": "update",
    "entity_type": "reference",
    "entity_id": "blocks",
    "before_data": [
      {
        "id": 1,
        "name": "Горное производство"
      },
      {
        "id": 2,
        "name": "Обогатительное производство"
      },
      {
        "id": 3,
        "name": "Металлургическое производство"
      },
      {
        "id": 4,
        "name": "Вспомогательное производство"
      },
      {
        "id": 5,
        "name": "Техническое обслуживание и ремонты"
      },
      {
        "id": 6,
        "name": "Капитально строительство"
      },
      {
        "id": 7,
        "name": "Обслуживание транспорта"
      },
      {
        "id": 8,
        "name": "Промышленная безопасность"
      },
      {
        "id": 9,
        "name": "Экологическая безопасность"
      },
      {
        "id": 10,
        "name": "Эксплуатация и техническое обслуживание зданий"
      },
      {
        "id": 11,
        "name": "Экономическая безопасность"
      },
      {
        "id": 12,
        "name": "Экономика"
      },
      {
        "id": 13,
        "name": "Финансы"
      },
      {
        "id": 14,
        "name": "Стратегическое планирование и развитие"
      },
      {
        "id": 15,
        "name": "Правовая деятельность"
      },
      {
        "id": 16,
        "name": "Коммерческая деятельность"
      },
      {
        "id": 17,
        "name": "Внешнеэкономическая деятельность"
      },
      {
        "id": 18,
        "name": "Информационные технологии и ит-инфраструктура"
      },
      {
        "id": 19,
        "name": "Информационная безопасность"
      },
      {
        "id": 20,
        "name": "Операционная эффективность"
      },
      {
        "id": 21,
        "name": "Управление персоналом"
      },
      {
        "id": 22,
        "name": "Делопроизводство"
      },
      {
        "id": 23,
        "name": "Социальная политика"
      },
      {
        "id": 24,
        "name": "Недропользование"
      },
      {
        "id": 25,
        "name": "Информационная политика и связи с общественностью"
      }
    ],
    "after_data": [
      {
        "id": 1,
        "name": "Горное производство"
      },
      {
        "id": 2,
        "name": "Обогатительное производство"
      },
      {
        "id": 3,
        "name": "Металлургическое производство"
      },
      {
        "id": 4,
        "name": "Вспомогательное производство"
      },
      {
        "id": 5,
        "name": "Техническое обслуживание и ремонты"
      },
      {
        "id": 6,
        "name": "Капитально строительство"
      },
      {
        "id": 7,
        "name": "Обслуживание транспорта"
      },
      {
        "id": 8,
        "name": "Промышленная безопасность"
      },
      {
        "id": 9,
        "name": "Экологическая безопасность"
      },
      {
        "id": 10,
        "name": "Эксплуатация и техническое обслуживание зданий"
      },
      {
        "id": 11,
        "name": "Экономическая безопасность"
      },
      {
        "id": 12,
        "name": "Экономика"
      },
      {
        "id": 13,
        "name": "Финансы"
      },
      {
        "id": 14,
        "name": "Стратегическое планирование и развитие"
      },
      {
        "id": 15,
        "name": "Правовая деятельность"
      },
      {
        "id": 16,
        "name": "Коммерческая деятельность"
      },
      {
        "id": 17,
        "name": "Внешнеэкономическая деятельность"
      },
      {
        "id": 18,
        "name": "Информационные технологии и ит-инфраструктура"
      },
      {
        "id": 19,
        "name": "Информационная безопасность"
      },
      {
        "id": 20,
        "name": "Операционная эффективность"
      },
      {
        "id": 21,
        "name": "Управление персоналом"
      },
      {
        "id": 22,
        "name": "Делопроизводство"
      },
      {
        "id": 23,
        "name": "Социальная политика"
      },
      {
        "id": 24,
        "name": "Недропользование"
      },
      {
        "id": 25,
        "name": "Информационная политика и связи с общественностью"
      },
      {
        "id": 26,
        "name": "asdsd"
      }
    ],
    "metadata": {},
    "ip_address": "127.0.0.1",
    "user_agent": "Mozilla/5.0 (Windows NT 10.0; Win64; x64) AppleWebKit/537.36 (KHTML, like Gecko) Chrome/145.0.0.0 Safari/537.36 Edg/145.0.0.0",
    "created_at": "2026-03-06T09:32:14.243Z"
  }
},
{
  "model": "admin_panel.auditlog",
  "pk": 9,
  "fields": {
    "actor": [
      "admin"
    ],
    "action": "update",
    "entity_type": "reference",
    "entity_id": "enterprisesBlocksMapping",
    "before_data": {
      "enterprises_blocks_mapping": [
        {
          "enterprise_id": 1,
          "enterprise_name": "РМК",
          "functional_blocks": [
            1,
            2,
            3,
            8,
            9,
            24
          ]
        },
        {
          "enterprise_id": 2,
          "enterprise_name": "ТГОК",
          "functional_blocks": [
            1,
            2,
            5,
            10
          ]
        },
        {
          "enterprise_id": 3,
          "enterprise_name": "МГОК",
          "functional_blocks": [
            1,
            2,
            5,
            10
          ]
        },
        {
          "enterprise_id": 4,
          "enterprise_name": "КБМ",
          "functional_blocks": [
            3,
            5
          ]
        },
        {
          "enterprise_id": 5,
          "enterprise_name": "КМЭЗ",
          "functional_blocks": [
            1,
            2,
            3,
            5,
            10,
            24
          ]
        },
        {
          "enterprise_id": 6,
          "enterprise_name": "АМК",
          "functional_blocks": [
            1,
            2
          ]
        }
      ]
    },
    "after_data": {
      "enterprises_blocks_mapping": [
        {
          "enterprise_id": 1,
          "enterprise_name": "РМК",
          "functional_blocks": [
            1,
            2,
            3,
            8,
            9,
            24
          ]
        },
        {
          "enterprise_id": 2,
          "enterprise_name": "ТГОК",
          "functional_blocks": [
            1,
            2,
            5,
            10
          ]
        },
        {
          "enterprise_id": 3,
          "enterprise_name": "МГОК",
          "functional_blocks": [
            1,
            2,
            5,
            10
          ]
        },
        {
          "enterprise_id": 4,
          "enterprise_name": "КБМ",
          "functional_blocks": [
            3,
            5,
            26
          ]
        },
        {
          "enterprise_id": 5,
          "enterprise_name": "КМЭЗ",
          "functional_blocks": [
            1,
            2,
            3,
            5,
            10,
            24
          ]
        },
        {
          "enterprise_id": 6,
          "enterprise_name": "АМК",
          "functional_blocks": [
            1,
            2
          ]
        }
      ]
    },
    "metadata": {},
    "ip_address": "127.0.0.1",
    "user_agent": "Mozilla/5.0 (Windows NT 10.0; Win64; x64) AppleWebKit/537.36 (KHTML, like Gecko) Chrome/145.0.0.0 Safari/537.36 Edg/145.0.0.0",
    "created_at": "2026-03-06T09:32:14.715Z"
  }
},
{
  "model": "admin_panel.auditlog",
  "pk": 10,
  "fields": {
    "actor": [
      "admin"
    ],
    "action": "delete",
    "entity_type": "technology",
    "entity_id": "22",
    "before_data": {
      "id": 22,
      "name": "fbvhfv",
      "description": "dfv dfjn",
      "block": 3,
      "blocks": [
        3
      ],
      "function": "Конвертирование",
      "functionCoverage": [
        "Конвертирование"
      ],
      "enterprises": [
        {
          "enterpriseId": 1,
          "technologicalReadiness": 1,
          "organizationalReadiness": 2,
          "status": "Невнедренна"
        }
      ],
      "directions": [
        2
      ],
      "trlStage": 3,
      "status": "Внедрена",
      "vendors": [
        {
          "name": "Вендор 10",
          "integrators": []
        }
      ],
      "marketExamples": [
        "dfvdfv"
      ],
      "documentationFiles": []
    },
    "after_data": {},
    "metadata": {},
    "ip_address": "127.0.0.1",
    "user_agent": "Mozilla/5.0 (Windows NT 10.0; Win64; x64) AppleWebKit/537.36 (KHTML, like Gecko) Chrome/145.0.0.0 Safari/537.36 Edg/145.0.0.0",
    "created_at": "2026-03-06T09:37:49.831Z"
  }
},
{
  "model": "admin_panel.auditlog",
  "pk": 11,
  "fields": {
    "actor": [
      "admin"
    ],
    "action": "login",
    "entity_type": "auth",
    "entity_id": "2",
    "before_data": {},
    "after_data": {},
    "metadata": {
      "event": "login",
      "outcome": "success",
      "username": "admin",
      "reason": "",
      "status_code": 200
    },
    "ip_address": "127.0.0.1",
    "user_agent": "Mozilla/5.0 (Windows NT 10.0; Win64; x64) AppleWebKit/537.36 (KHTML, like Gecko) Chrome/145.0.0.0 Safari/537.36 Edg/145.0.0.0",
    "created_at": "2026-03-06T10:05:28.344Z"
  }
},
{
  "model": "admin_panel.auditlog",
  "pk": 12,
  "fields": {
    "actor": [
      "admin"
    ],
    "action": "update",
    "entity_type": "reference",
    "entity_id": "blocks",
    "before_data": [
      {
        "id": 1,
        "name": "Горное производство"
      },
      {
        "id": 2,
        "name": "Обогатительное производство"
      },
      {
        "id": 3,
        "name": "Металлургическое производство"
      },
      {
        "id": 4,
        "name": "Вспомогательное производство"
      },
      {
        "id": 5,
        "name": "Техническое обслуживание и ремонты"
      },
      {
        "id": 6,
        "name": "Капитально строительство"
      },
      {
        "id": 7,
        "name": "Обслуживание транспорта"
      },
      {
        "id": 8,
        "name": "Промышленная безопасность"
      },
      {
        "id": 9,
        "name": "Экологическая безопасность"
      },
      {
        "id": 10,
        "name": "Эксплуатация и техническое обслуживание зданий"
      },
      {
        "id": 11,
        "name": "Экономическая безопасность"
      },
      {
        "id": 12,
        "name": "Экономика"
      },
      {
        "id": 13,
        "name": "Финансы"
      },
      {
        "id": 14,
        "name": "Стратегическое планирование и развитие"
      },
      {
        "id": 15,
        "name": "Правовая деятельность"
      },
      {
        "id": 16,
        "name": "Коммерческая деятельность"
      },
      {
        "id": 17,
        "name": "Внешнеэкономическая деятельность"
      },
      {
        "id": 18,
        "name": "Информационные технологии и ит-инфраструктура"
      },
      {
        "id": 19,
        "name": "Информационная безопасность"
      },
      {
        "id": 20,
        "name": "Операционная эффективность"
      },
      {
        "id": 21,
        "name": "Управление персоналом"
      },
      {
        "id": 22,
        "name": "Делопроизводство"
      },
      {
        "id": 23,
        "name": "Социальная политика"
      },
      {
        "id": 24,
        "name": "Недропользование"
      },
      {
        "id": 25,
        "name": "Информационная политика и связи с общественностью"
      },
      {
        "id": 26,
        "name": "asdsd"
      }
    ],
    "after_data": [
      {
        "id": 1,
        "name": "Горное производство"
      },
      {
        "id": 2,
        "name": "Обогатительное производство"
      },
      {
        "id": 3,
        "name": "Металлургическое производство"
      },
      {
        "id": 4,
        "name": "Вспомогательное производство"
      },
      {
        "id": 5,
        "name": "Техническое обслуживание и ремонты"
      },
      {
        "id": 6,
        "name": "Капитально строительство"
      },
      {
        "id": 7,
        "name": "Обслуживание транспорта"
      },
      {
        "id": 8,
        "name": "Промышленная безопасность"
      },
      {
        "id": 9,
        "name": "Экологическая безопасность"
      },
      {
        "id": 10,
        "name": "Эксплуатация и техническое обслуживание зданий"
      },
      {
        "id": 11,
        "name": "Экономическая безопасность"
      },
      {
        "id": 12,
        "name": "Экономика"
      },
      {
        "id": 13,
        "name": "Финансы"
      },
      {
        "id": 14,
        "name": "Стратегическое планирование и развитие"
      },
      {
        "id": 15,
        "name": "Правовая деятельность"
      },
      {
        "id": 16,
        "name": "Коммерческая деятельность"
      },
      {
        "id": 17,
        "name": "Внешнеэкономическая деятельность"
      },
      {
        "id": 18,
        "name": "Информационные технологии и ит-инфраструктура"
      },
      {
        "id": 19,
        "name": "Информационная безопасность"
      },
      {
        "id": 20,
        "name": "Операционная эффективность"
      },
      {
        "id": 21,
        "name": "Управление персоналом"
      },
      {
        "id": 22,
        "name": "Делопроизводство"
      },
      {
        "id": 23,
        "name": "Социальная политика"
      },
      {
        "id": 24,
        "name": "Недропользование"
      },
      {
        "id": 25,
        "name": "Информационная политика и связи с общественностью"
      },
      {
        "id": 26,
        "name": "asdsd"
      },
      {
        "id": 27,
        "name": "Блок 1"
      }
    ],
    "metadata": {},
    "ip_address": "127.0.0.1",
    "user_agent": "Mozilla/5.0 (Windows NT 10.0; Win64; x64) AppleWebKit/537.36 (KHTML, like Gecko) Chrome/145.0.0.0 Safari/537.36 Edg/145.0.0.0",
    "created_at": "2026-03-06T10:09:04.650Z"
  }
},
{
  "model": "admin_panel.auditlog",
  "pk": 13,
  "fields": {
    "actor": [
      "admin"
    ],
    "action": "login",
    "entity_type": "auth",
    "entity_id": "2",
    "before_data": {},
    "after_data": {},
    "metadata": {
      "event": "login",
      "outcome": "success",
      "username": "admin",
      "reason": "",
      "status_code": 200
    },
    "ip_address": "127.0.0.1",
    "user_agent": "Mozilla/5.0 (Windows NT 10.0; Win64; x64) AppleWebKit/537.36 (KHTML, like Gecko) Chrome/145.0.0.0 Safari/537.36 Edg/145.0.0.0",
    "created_at": "2026-03-06T10:39:30.788Z"
  }
},
{
  "model": "admin_panel.auditlog",
  "pk": 14,
  "fields": {
    "actor": [
      "admin"
    ],
    "action": "login",
    "entity_type": "auth",
    "entity_id": "2",
    "before_data": {},
    "after_data": {},
    "metadata": {
      "event": "login",
      "outcome": "success",
      "username": "admin",
      "reason": "",
      "status_code": 200
    },
    "ip_address": "127.0.0.1",
    "user_agent": "Mozilla/5.0 (Windows NT 10.0; Win64; x64) AppleWebKit/537.36 (KHTML, like Gecko) Chrome/145.0.0.0 Safari/537.36 Edg/145.0.0.0",
    "created_at": "2026-03-06T11:23:44.755Z"
  }
},
{
  "model": "admin_panel.auditlog",
  "pk": 15,
  "fields": {
    "actor": [
      "admin"
    ],
    "action": "login",
    "entity_type": "auth",
    "entity_id": "2",
    "before_data": {},
    "after_data": {},
    "metadata": {
      "event": "login",
      "outcome": "success",
      "username": "admin",
      "reason": "",
      "status_code": 200
    },
    "ip_address": "127.0.0.1",
    "user_agent": "",
    "created_at": "2026-03-10T04:41:36.068Z"
  }
},
{
  "model": "admin_panel.auditlog",
  "pk": 16,
  "fields": {
    "actor": [
      "admin"
    ],
    "action": "login",
    "entity_type": "auth",
    "entity_id": "2",
    "before_data": {},
    "after_data": {},
    "metadata": {
      "event": "login",
      "outcome": "success",
      "username": "admin",
      "reason": "",
      "status_code": 200
    },
    "ip_address": "127.0.0.1",
    "user_agent": "Mozilla/5.0 (Windows NT 10.0; Win64; x64) AppleWebKit/537.36 (KHTML, like Gecko) Chrome/145.0.0.0 Safari/537.36 Edg/145.0.0.0",
    "created_at": "2026-03-10T05:18:11.387Z"
  }
},
{
  "model": "admin_panel.auditlog",
  "pk": 17,
  "fields": {
    "actor": [
      "admin"
    ],
    "action": "create",
    "entity_type": "technology",
    "entity_id": "23",
    "before_data": {},
    "after_data": {
      "id": 23,
      "name": "ывсвам",
      "description": "вмвамвам",
      "block": 1,
      "blocks": [
        1
      ],
      "function": "Буровые работы",
      "functionCoverage": [
        "Буровые работы",
        "Взрывные работы",
        "Геологические работы",
        "Лабораторные исследования",
        "Маркшейдерские работы",
        "Транспортировка",
        "Экскавация"
      ],
      "enterprises": [],
      "directions": [
        2
      ],
      "trlStage": 2,
      "status": "Внедрена",
      "vendors": [],
      "marketExamples": [],
      "documentationFiles": []
    },
    "metadata": {},
    "ip_address": "127.0.0.1",
    "user_agent": "Mozilla/5.0 (Windows NT 10.0; Win64; x64) AppleWebKit/537.36 (KHTML, like Gecko) Chrome/145.0.0.0 Safari/537.36 Edg/145.0.0.0",
    "created_at": "2026-03-10T05:19:57.485Z"
  }
},
{
  "model": "admin_panel.auditlog",
  "pk": 18,
  "fields": {
    "actor": [
      "admin"
    ],
    "action": "update",
    "entity_type": "technology",
    "entity_id": "23",
    "before_data": {
      "id": 23,
      "name": "ывсвам",
      "description": "вмвамвам",
      "block": 1,
      "blocks": [
        1
      ],
      "function": "Буровые работы",
      "functionCoverage": [
        "Буровые работы",
        "Взрывные работы",
        "Геологические работы",
        "Лабораторные исследования",
        "Маркшейдерские работы",
        "Транспортировка",
        "Экскавация"
      ],
      "enterprises": [],
      "directions": [
        2
      ],
      "trlStage": 2,
      "status": "Внедрена",
      "vendors": [],
      "marketExamples": [],
      "documentationFiles": []
    },
    "after_data": {
      "id": 23,
      "name": "ывсвам",
      "description": "вмвамвам",
      "block": 1,
      "blocks": [
        1
      ],
      "function": "Буровые работы",
      "functionCoverage": [
        "Буровые работы",
        "Взрывные работы",
        "Геологические работы",
        "Лабораторные исследования",
        "Маркшейдерские работы",
        "Транспортировка",
        "Экскавация"
      ],
      "enterprises": [
        {
          "enterpriseId": 1,
          "technologicalReadiness": 1,
          "organizationalReadiness": 1,
          "status": "Внедрена"
        },
        {
          "enterpriseId": 2,
          "technologicalReadiness": 1,
          "organizationalReadiness": 1,
          "status": "Внедрена"
        }
      ],
      "directions": [
        2
      ],
      "trlStage": 2,
      "status": "Внедрена",
      "vendors": [
        {
          "name": "Палет",
          "integrators": [
            "Микта"
          ]
        }
      ],
      "marketExamples": [
        "вьм авьм"
      ],
      "documentationFiles": []
    },
    "metadata": {},
    "ip_address": "127.0.0.1",
    "user_agent": "Mozilla/5.0 (Windows NT 10.0; Win64; x64) AppleWebKit/537.36 (KHTML, like Gecko) Chrome/145.0.0.0 Safari/537.36 Edg/145.0.0.0",
    "created_at": "2026-03-10T05:20:50.966Z"
  }
},
{
  "model": "admin_panel.auditlog",
  "pk": 19,
  "fields": {
    "actor": [
      "admin"
    ],
    "action": "update",
    "entity_type": "technology",
    "entity_id": "23",
    "before_data": {
      "id": 23,
      "name": "ывсвам",
      "description": "вмвамвам",
      "block": 1,
      "blocks": [
        1
      ],
      "function": "Буровые работы",
      "functionCoverage": [
        "Буровые работы",
        "Взрывные работы",
        "Геологические работы",
        "Лабораторные исследования",
        "Маркшейдерские работы",
        "Транспортировка",
        "Экскавация"
      ],
      "enterprises": [
        {
          "enterpriseId": 1,
          "technologicalReadiness": 1,
          "organizationalReadiness": 1,
          "status": "Внедрена"
        },
        {
          "enterpriseId": 2,
          "technologicalReadiness": 1,
          "organizationalReadiness": 1,
          "status": "Внедрена"
        }
      ],
      "directions": [
        2
      ],
      "trlStage": 2,
      "status": "Внедрена",
      "vendors": [
        {
          "name": "Палет",
          "integrators": [
            "Микта"
          ]
        }
      ],
      "marketExamples": [
        "вьм авьм"
      ],
      "documentationFiles": []
    },
    "after_data": {
      "id": 23,
      "name": "ывсвам",
      "description": "вмвамвам",
      "block": 1,
      "blocks": [
        1
      ],
      "function": "Буровые работы",
      "functionCoverage": [
        "Буровые работы",
        "Взрывные работы",
        "Геологические работы",
        "Лабораторные исследования",
        "Маркшейдерские работы",
        "Транспортировка",
        "Экскавация"
      ],
      "enterprises": [
        {
          "enterpriseId": 1,
          "technologicalReadiness": 1,
          "organizationalReadiness": 1,
          "status": "Внедрена"
        },
        {
          "enterpriseId": 2,
          "technologicalReadiness": 1,
          "organizationalReadiness": 1,
          "status": "Внедрена"
        }
      ],
      "directions": [
        2
      ],
      "trlStage": 2,
      "status": "Внедрена",
      "vendors": [
        {
          "name": "Палет",
          "integrators": [
            "Микта"
          ]
        }
      ],
      "marketExamples": [
        "вьм авьм"
      ],
      "documentationFiles": []
    },
    "metadata": {},
    "ip_address": "127.0.0.1",
    "user_agent": "Mozilla/5.0 (Windows NT 10.0; Win64; x64) AppleWebKit/537.36 (KHTML, like Gecko) Chrome/145.0.0.0 Safari/537.36 Edg/145.0.0.0",
    "created_at": "2026-03-10T05:21:15.804Z"
  }
},
{
  "model": "admin_panel.auditlog",
  "pk": 20,
  "fields": {
    "actor": [
      "admin"
    ],
    "action": "update",
    "entity_type": "technology",
    "entity_id": "23",
    "before_data": {
      "id": 23,
      "name": "ывсвам",
      "description": "вмвамвам",
      "block": 1,
      "blocks": [
        1
      ],
      "function": "Буровые работы",
      "functionCoverage": [
        "Буровые работы",
        "Взрывные работы",
        "Геологические работы",
        "Лабораторные исследования",
        "Маркшейдерские работы",
        "Транспортировка",
        "Экскавация"
      ],
      "enterprises": [
        {
          "enterpriseId": 1,
          "technologicalReadiness": 1,
          "organizationalReadiness": 1,
          "status": "Внедрена"
        },
        {
          "enterpriseId": 2,
          "technologicalReadiness": 1,
          "organizationalReadiness": 1,
          "status": "Внедрена"
        }
      ],
      "directions": [
        2
      ],
      "trlStage": 2,
      "status": "Внедрена",
      "vendors": [
        {
          "name": "Палет",
          "integrators": [
            "Микта"
          ]
        }
      ],
      "marketExamples": [
        "вьм авьм"
      ],
      "documentationFiles": []
    },
    "after_data": {
      "id": 23,
      "name": "ывсвам",
      "description": "вмвамвам",
      "block": 1,
      "blocks": [
        1
      ],
      "function": "Буровые работы",
      "functionCoverage": [
        "Буровые работы",
        "Взрывные работы",
        "Геологические работы",
        "Лабораторные исследования",
        "Маркшейдерские работы",
        "Транспортировка",
        "Экскавация"
      ],
      "enterprises": [
        {
          "enterpriseId": 1,
          "technologicalReadiness": 1,
          "organizationalReadiness": 1,
          "status": "Невнедренна"
        },
        {
          "enterpriseId": 2,
          "technologicalReadiness": 1,
          "organizationalReadiness": 1,
          "status": "Невнедренна"
        }
      ],
      "directions": [
        2
      ],
      "trlStage": 2,
      "status": "Внедрена",
      "vendors": [
        {
          "name": "Палет",
          "integrators": [
            "Микта"
          ]
        }
      ],
      "marketExamples": [
        "вьм авьм"
      ],
      "documentationFiles": []
    },
    "metadata": {},
    "ip_address": "127.0.0.1",
    "user_agent": "Mozilla/5.0 (Windows NT 10.0; Win64; x64) AppleWebKit/537.36 (KHTML, like Gecko) Chrome/145.0.0.0 Safari/537.36 Edg/145.0.0.0",
    "created_at": "2026-03-10T05:21:26.502Z"
  }
},
{
  "model": "admin_panel.auditlog",
  "pk": 21,
  "fields": {
    "actor": [
      "admin"
    ],
    "action": "delete",
    "entity_type": "technology",
    "entity_id": "23",
    "before_data": {
      "id": 23,
      "name": "ывсвам",
      "description": "вмвамвам",
      "block": 1,
      "blocks": [
        1
      ],
      "function": "Буровые работы",
      "functionCoverage": [
        "Буровые работы",
        "Взрывные работы",
        "Геологические работы",
        "Лабораторные исследования",
        "Маркшейдерские работы",
        "Транспортировка",
        "Экскавация"
      ],
      "enterprises": [
        {
          "enterpriseId": 1,
          "technologicalReadiness": 1,
          "organizationalReadiness": 1,
          "status": "Невнедренна"
        },
        {
          "enterpriseId": 2,
          "technologicalReadiness": 1,
          "organizationalReadiness": 1,
          "status": "Невнедренна"
        }
      ],
      "directions": [
        2
      ],
      "trlStage": 2,
      "status": "Внедрена",
      "vendors": [
        {
          "name": "Палет",
          "integrators": [
            "Микта"
          ]
        }
      ],
      "marketExamples": [
        "вьм авьм"
      ],
      "documentationFiles": []
    },
    "after_data": {},
    "metadata": {},
    "ip_address": "127.0.0.1",
    "user_agent": "Mozilla/5.0 (Windows NT 10.0; Win64; x64) AppleWebKit/537.36 (KHTML, like Gecko) Chrome/145.0.0.0 Safari/537.36 Edg/145.0.0.0",
    "created_at": "2026-03-10T05:22:30.535Z"
  }
},
{
  "model": "admin_panel.auditlog",
  "pk": 22,
  "fields": {
    "actor": [
      "admin"
    ],
    "action": "create",
    "entity_type": "technology",
    "entity_id": "24",
    "before_data": {},
    "after_data": {
      "id": 24,
      "name": "Приоор",
      "description": "вамыва",
      "block": 1,
      "blocks": [
        1
      ],
      "function": "Буровые работы",
      "functionCoverage": [
        "Буровые работы",
        "Взрывные работы",
        "Геологические работы",
        "Лабораторные исследования",
        "Маркшейдерские работы",
        "Транспортировка",
        "Экскавация"
      ],
      "enterprises": [],
      "directions": [
        2
      ],
      "trlStage": 2,
      "status": "Внедрена",
      "vendors": [],
      "marketExamples": [],
      "documentationFiles": []
    },
    "metadata": {},
    "ip_address": "127.0.0.1",
    "user_agent": "Mozilla/5.0 (Windows NT 10.0; Win64; x64) AppleWebKit/537.36 (KHTML, like Gecko) Chrome/145.0.0.0 Safari/537.36 Edg/145.0.0.0",
    "created_at": "2026-03-10T05:23:33.346Z"
  }
},
{
  "model": "admin_panel.auditlog",
  "pk": 23,
  "fields": {
    "actor": [
      "admin"
    ],
    "action": "update",
    "entity_type": "technology",
    "entity_id": "24",
    "before_data": {
      "id": 24,
      "name": "Приоор",
      "description": "вамыва",
      "block": 1,
      "blocks": [
        1
      ],
      "function": "Буровые работы",
      "functionCoverage": [
        "Буровые работы",
        "Взрывные работы",
        "Геологические работы",
        "Лабораторные исследования",
        "Маркшейдерские работы",
        "Транспортировка",
        "Экскавация"
      ],
      "enterprises": [],
      "directions": [
        2
      ],
      "trlStage": 2,
      "status": "Внедрена",
      "vendors": [],
      "marketExamples": [],
      "documentationFiles": []
    },
    "after_data": {
      "id": 24,
      "name": "Приоор",
      "description": "вамыва",
      "block": 1,
      "blocks": [
        1
      ],
      "function": "Буровые работы",
      "functionCoverage": [
        "Буровые работы",
        "Взрывные работы",
        "Геологические работы",
        "Лабораторные исследования",
        "Маркшейдерские работы",
        "Транспортировка",
        "Экскавация"
      ],
      "enterprises": [
        {
          "enterpriseId": 1,
          "technologicalReadiness": 1,
          "organizationalReadiness": 1,
          "status": "Внедрена"
        },
        {
          "enterpriseId": 2,
          "technologicalReadiness": 1,
          "organizationalReadiness": 1,
          "status": "Внедрена"
        }
      ],
      "directions": [
        2
      ],
      "trlStage": 2,
      "status": "Внедрена",
      "vendors": [
        {
          "name": "Палет",
          "integrators": [
            "Микта"
          ]
        }
      ],
      "marketExamples": [
        "вамыва"
      ],
      "documentationFiles": []
    },
    "metadata": {},
    "ip_address": "127.0.0.1",
    "user_agent": "Mozilla/5.0 (Windows NT 10.0; Win64; x64) AppleWebKit/537.36 (KHTML, like Gecko) Chrome/145.0.0.0 Safari/537.36 Edg/145.0.0.0",
    "created_at": "2026-03-10T05:24:01.235Z"
  }
},
{
  "model": "admin_panel.auditlog",
  "pk": 24,
  "fields": {
    "actor": [
      "admin"
    ],
    "action": "create",
    "entity_type": "technology",
    "entity_id": "25",
    "before_data": {},
    "after_data": {
      "id": 25,
      "name": "hdvbkdfjhvb",
      "description": "dvdfvdf",
      "block": 2,
      "blocks": [
        2
      ],
      "function": "Измельчение руды мельницами",
      "functionCoverage": [
        "Измельчение руды мельницами",
        "Крупное дробление",
        "Сгущение концентрата",
        "Складирование готового концентрата",
        "Складирование крупнодробленой руды",
        "Складирование хвостов",
        "Фильтрация концентрата",
        "Флотация"
      ],
      "enterprises": [],
      "directions": [
        2
      ],
      "trlStage": 2,
      "status": "Внедрена",
      "vendors": [],
      "marketExamples": [],
      "documentationFiles": []
    },
    "metadata": {},
    "ip_address": "127.0.0.1",
    "user_agent": "Mozilla/5.0 (Windows NT 10.0; Win64; x64) AppleWebKit/537.36 (KHTML, like Gecko) Chrome/145.0.0.0 Safari/537.36 Edg/145.0.0.0",
    "created_at": "2026-03-10T05:52:38.274Z"
  }
},
{
  "model": "admin_panel.auditlog",
  "pk": 25,
  "fields": {
    "actor": [
      "admin"
    ],
    "action": "update",
    "entity_type": "technology",
    "entity_id": "25",
    "before_data": {
      "id": 25,
      "name": "hdvbkdfjhvb",
      "description": "dvdfvdf",
      "block": 2,
      "blocks": [
        2
      ],
      "function": "Измельчение руды мельницами",
      "functionCoverage": [
        "Измельчение руды мельницами",
        "Крупное дробление",
        "Сгущение концентрата",
        "Складирование готового концентрата",
        "Складирование крупнодробленой руды",
        "Складирование хвостов",
        "Фильтрация концентрата",
        "Флотация"
      ],
      "enterprises": [],
      "directions": [
        2
      ],
      "trlStage": 2,
      "status": "Внедрена",
      "vendors": [],
      "marketExamples": [],
      "documentationFiles": []
    },
    "after_data": {
      "id": 25,
      "name": "hdvbkdfjhvb",
      "description": "dvdfvdf",
      "block": 2,
      "blocks": [
        2
      ],
      "function": "Измельчение руды мельницами",
      "functionCoverage": [
        "Измельчение руды мельницами",
        "Крупное дробление",
        "Сгущение концентрата",
        "Складирование готового концентрата",
        "Складирование крупнодробленой руды",
        "Складирование хвостов",
        "Фильтрация концентрата",
        "Флотация"
      ],
      "enterprises": [
        {
          "enterpriseId": 1,
          "technologicalReadiness": 1,
          "organizationalReadiness": 1,
          "status": "planned"
        }
      ],
      "directions": [
        2
      ],
      "trlStage": 2,
      "status": "Внедрена",
      "vendors": [],
      "marketExamples": [],
      "documentationFiles": []
    },
    "metadata": {},
    "ip_address": "127.0.0.1",
    "user_agent": "Mozilla/5.0 (Windows NT 10.0; Win64; x64) AppleWebKit/537.36 (KHTML, like Gecko) Chrome/145.0.0.0 Safari/537.36 Edg/145.0.0.0",
    "created_at": "2026-03-10T05:52:53.242Z"
  }
},
{
  "model": "admin_panel.auditlog",
  "pk": 26,
  "fields": {
    "actor": [
      "admin"
    ],
    "action": "login",
    "entity_type": "auth",
    "entity_id": "2",
    "before_data": {},
    "after_data": {},
    "metadata": {
      "event": "login",
      "outcome": "success",
      "username": "admin",
      "reason": "",
      "status_code": 200
    },
    "ip_address": "127.0.0.1",
    "user_agent": "Mozilla/5.0 (Windows NT 10.0; Win64; x64) AppleWebKit/537.36 (KHTML, like Gecko) Chrome/145.0.0.0 Safari/537.36 Edg/145.0.0.0",
    "created_at": "2026-03-10T06:25:51.715Z"
  }
},
{
  "model": "admin_panel.auditlog",
  "pk": 27,
  "fields": {
    "actor": [
      "admin"
    ],
    "action": "delete",
    "entity_type": "technology",
    "entity_id": "25",
    "before_data": {
      "id": 25,
      "name": "hdvbkdfjhvb",
      "description": "dvdfvdf",
      "block": 2,
      "blocks": [
        2
      ],
      "function": "Измельчение руды мельницами",
      "functionCoverage": [
        "Измельчение руды мельницами",
        "Крупное дробление",
        "Сгущение концентрата",
        "Складирование готового концентрата",
        "Складирование крупнодробленой руды",
        "Складирование хвостов",
        "Фильтрация концентрата",
        "Флотация"
      ],
      "enterprises": [
        {
          "enterpriseId": 1,
          "technologicalReadiness": 1,
          "organizationalReadiness": 1,
          "status": "planned"
        }
      ],
      "directions": [
        2
      ],
      "trlStage": 2,
      "status": "Внедрена",
      "vendors": [],
      "marketExamples": [],
      "documentationFiles": []
    },
    "after_data": {},
    "metadata": {},
    "ip_address": "127.0.0.1",
    "user_agent": "Mozilla/5.0 (Windows NT 10.0; Win64; x64) AppleWebKit/537.36 (KHTML, like Gecko) Chrome/145.0.0.0 Safari/537.36 Edg/145.0.0.0",
    "created_at": "2026-03-10T06:26:21.215Z"
  }
},
{
  "model": "admin_panel.auditlog",
  "pk": 28,
  "fields": {
    "actor": [
      "admin"
    ],
    "action": "create",
    "entity_type": "technology",
    "entity_id": "26",
    "before_data": {},
    "after_data": {
      "id": 26,
      "name": "ddhvbdfkjhv",
      "description": "vbgbgf",
      "block": 1,
      "blocks": [
        1
      ],
      "function": "Буровые работы",
      "functionCoverage": [
        "Буровые работы",
        "Взрывные работы",
        "Геологические работы",
        "Лабораторные исследования",
        "Маркшейдерские работы",
        "Транспортировка",
        "Экскавация"
      ],
      "enterprises": [],
      "directions": [
        2
      ],
      "trlStage": 2,
      "status": "Внедрена",
      "vendors": [],
      "marketExamples": [],
      "documentationFiles": []
    },
    "metadata": {},
    "ip_address": "127.0.0.1",
    "user_agent": "Mozilla/5.0 (Windows NT 10.0; Win64; x64) AppleWebKit/537.36 (KHTML, like Gecko) Chrome/145.0.0.0 Safari/537.36 Edg/145.0.0.0",
    "created_at": "2026-03-10T06:28:04.724Z"
  }
},
{
  "model": "admin_panel.auditlog",
  "pk": 29,
  "fields": {
    "actor": [
      "admin"
    ],
    "action": "update",
    "entity_type": "technology",
    "entity_id": "26",
    "before_data": {
      "id": 26,
      "name": "ddhvbdfkjhv",
      "description": "vbgbgf",
      "block": 1,
      "blocks": [
        1
      ],
      "function": "Буровые работы",
      "functionCoverage": [
        "Буровые работы",
        "Взрывные работы",
        "Геологические работы",
        "Лабораторные исследования",
        "Маркшейдерские работы",
        "Транспортировка",
        "Экскавация"
      ],
      "enterprises": [],
      "directions": [
        2
      ],
      "trlStage": 2,
      "status": "Внедрена",
      "vendors": [],
      "marketExamples": [],
      "documentationFiles": []
    },
    "after_data": {
      "id": 26,
      "name": "ddhvbdfkjhv",
      "description": "vbgbgf",
      "block": 1,
      "blocks": [
        1
      ],
      "function": "Буровые работы",
      "functionCoverage": [
        "Буровые работы",
        "Взрывные работы",
        "Геологические работы",
        "Лабораторные исследования",
        "Маркшейдерские работы",
        "Транспортировка",
        "Экскавация"
      ],
      "enterprises": [
        {
          "enterpriseId": 1,
          "technologicalReadiness": null,
          "organizationalReadiness": null,
          "status": "planned"
        }
      ],
      "directions": [
        2
      ],
      "trlStage": 2,
      "status": "Внедрена",
      "vendors": [],
      "marketExamples": [],
      "documentationFiles": []
    },
    "metadata": {},
    "ip_address": "127.0.0.1",
    "user_agent": "Mozilla/5.0 (Windows NT 10.0; Win64; x64) AppleWebKit/537.36 (KHTML, like Gecko) Chrome/145.0.0.0 Safari/537.36 Edg/145.0.0.0",
    "created_at": "2026-03-10T06:28:21.650Z"
  }
},
{
  "model": "admin_panel.auditlog",
  "pk": 30,
  "fields": {
    "actor": [
      "admin"
    ],
    "action": "update",
    "entity_type": "technology",
    "entity_id": "26",
    "before_data": {
      "id": 26,
      "name": "ddhvbdfkjhv",
      "description": "vbgbgf",
      "block": 1,
      "blocks": [
        1
      ],
      "function": "Буровые работы",
      "functionCoverage": [
        "Буровые работы",
        "Взрывные работы",
        "Геологические работы",
        "Лабораторные исследования",
        "Маркшейдерские работы",
        "Транспортировка",
        "Экскавация"
      ],
      "enterprises": [
        {
          "enterpriseId": 1,
          "technologicalReadiness": null,
          "organizationalReadiness": null,
          "status": "planned"
        }
      ],
      "directions": [
        2
      ],
      "trlStage": 2,
      "status": "Внедрена",
      "vendors": [],
      "marketExamples": [],
      "documentationFiles": []
    },
    "after_data": {
      "id": 26,
      "name": "ddhvbdfkjhv",
      "description": "vbgbgf",
      "block": 1,
      "blocks": [
        1
      ],
      "function": "Буровые работы",
      "functionCoverage": [
        "Буровые работы",
        "Взрывные работы",
        "Геологические работы",
        "Лабораторные исследования",
        "Маркшейдерские работы",
        "Транспортировка",
        "Экскавация"
      ],
      "enterprises": [
        {
          "enterpriseId": 1,
          "technologicalReadiness": 2,
          "organizationalReadiness": 1,
          "status": "Невнедренна"
        }
      ],
      "directions": [
        2
      ],
      "trlStage": 2,
      "status": "Внедрена",
      "vendors": [],
      "marketExamples": [],
      "documentationFiles": []
    },
    "metadata": {},
    "ip_address": "127.0.0.1",
    "user_agent": "Mozilla/5.0 (Windows NT 10.0; Win64; x64) AppleWebKit/537.36 (KHTML, like Gecko) Chrome/145.0.0.0 Safari/537.36 Edg/145.0.0.0",
    "created_at": "2026-03-10T06:28:36.660Z"
  }
},
{
  "model": "admin_panel.auditlog",
  "pk": 31,
  "fields": {
    "actor": [
      "admin"
    ],
    "action": "delete",
    "entity_type": "technology",
    "entity_id": "26",
    "before_data": {
      "id": 26,
      "name": "ddhvbdfkjhv",
      "description": "vbgbgf",
      "block": 1,
      "blocks": [
        1
      ],
      "function": "Буровые работы",
      "functionCoverage": [
        "Буровые работы",
        "Взрывные работы",
        "Геологические работы",
        "Лабораторные исследования",
        "Маркшейдерские работы",
        "Транспортировка",
        "Экскавация"
      ],
      "enterprises": [
        {
          "enterpriseId": 1,
          "technologicalReadiness": 2,
          "organizationalReadiness": 1,
          "status": "Невнедренна"
        }
      ],
      "directions": [
        2
      ],
      "trlStage": 2,
      "status": "Внедрена",
      "vendors": [],
      "marketExamples": [],
      "documentationFiles": []
    },
    "after_data": {},
    "metadata": {},
    "ip_address": "127.0.0.1",
    "user_agent": "Mozilla/5.0 (Windows NT 10.0; Win64; x64) AppleWebKit/537.36 (KHTML, like Gecko) Chrome/145.0.0.0 Safari/537.36 Edg/145.0.0.0",
    "created_at": "2026-03-10T06:28:43.124Z"
  }
},
{
  "model": "admin_panel.auditlog",
  "pk": 32,
  "fields": {
    "actor": [
      "admin"
    ],
    "action": "login",
    "entity_type": "auth",
    "entity_id": "2",
    "before_data": {},
    "after_data": {},
    "metadata": {
      "event": "login",
      "outcome": "success",
      "username": "admin",
      "reason": "",
      "status_code": 200
    },
    "ip_address": "127.0.0.1",
    "user_agent": "Mozilla/5.0 (Windows NT 10.0; Win64; x64) AppleWebKit/537.36 (KHTML, like Gecko) Chrome/145.0.0.0 Safari/537.36 Edg/145.0.0.0",
    "created_at": "2026-03-11T04:09:12.252Z"
  }
},
{
  "model": "admin_panel.auditlog",
  "pk": 33,
  "fields": {
    "actor": null,
    "action": "login",
    "entity_type": "auth",
    "entity_id": "",
    "before_data": {},
    "after_data": {},
    "metadata": {
      "event": "login",
      "outcome": "failure",
      "username": "owner",
      "reason": "invalid_credentials",
      "status_code": 401
    },
    "ip_address": "127.0.0.1",
    "user_agent": "Mozilla/5.0 (Windows NT 10.0; Win64; x64) AppleWebKit/537.36 (KHTML, like Gecko) Chrome/145.0.0.0 Safari/537.36 Edg/145.0.0.0",
    "created_at": "2026-03-11T04:09:57.565Z"
  }
},
{
  "model": "admin_panel.auditlog",
  "pk": 34,
  "fields": {
    "actor": null,
    "action": "login",
    "entity_type": "auth",
    "entity_id": "",
    "before_data": {},
    "after_data": {},
    "metadata": {
      "event": "login",
      "outcome": "failure",
      "username": "owner",
      "reason": "invalid_credentials",
      "status_code": 401
    },
    "ip_address": "127.0.0.1",
    "user_agent": "Mozilla/5.0 (Windows NT 10.0; Win64; x64) AppleWebKit/537.36 (KHTML, like Gecko) Chrome/145.0.0.0 Safari/537.36 Edg/145.0.0.0",
    "created_at": "2026-03-11T04:10:14.130Z"
  }
},
{
  "model": "admin_panel.auditlog",
  "pk": 35,
  "fields": {
    "actor": null,
    "action": "login",
    "entity_type": "auth",
    "entity_id": "",
    "before_data": {},
    "after_data": {},
    "metadata": {
      "event": "login",
      "outcome": "failure",
      "username": "editor",
      "reason": "invalid_credentials",
      "status_code": 401
    },
    "ip_address": "127.0.0.1",
    "user_agent": "Mozilla/5.0 (Windows NT 10.0; Win64; x64) AppleWebKit/537.36 (KHTML, like Gecko) Chrome/145.0.0.0 Safari/537.36 Edg/145.0.0.0",
    "created_at": "2026-03-11T04:10:30.566Z"
  }
},
{
  "model": "admin_panel.auditlog",
  "pk": 36,
  "fields": {
    "actor": [
      "owner"
    ],
    "action": "login",
    "entity_type": "auth",
    "entity_id": "9",
    "before_data": {},
    "after_data": {},
    "metadata": {
      "event": "login",
      "outcome": "success",
      "username": "owner",
      "reason": "",
      "status_code": 200
    },
    "ip_address": "127.0.0.1",
    "user_agent": "Mozilla/5.0 (Windows NT 10.0; Win64; x64) AppleWebKit/537.36 (KHTML, like Gecko) Chrome/145.0.0.0 Safari/537.36 Edg/145.0.0.0",
    "created_at": "2026-03-11T04:16:03.722Z"
  }
},
{
  "model": "admin_panel.auditlog",
  "pk": 37,
  "fields": {
    "actor": [
      "admin"
    ],
    "action": "login",
    "entity_type": "auth",
    "entity_id": "2",
    "before_data": {},
    "after_data": {},
    "metadata": {
      "event": "login",
      "outcome": "success",
      "username": "admin",
      "reason": "",
      "status_code": 200
    },
    "ip_address": "127.0.0.1",
    "user_agent": "",
    "created_at": "2026-03-11T04:25:27.535Z"
  }
},
{
  "model": "admin_panel.auditlog",
  "pk": 38,
  "fields": {
    "actor": [
      "owner"
    ],
    "action": "login",
    "entity_type": "auth",
    "entity_id": "9",
    "before_data": {},
    "after_data": {},
    "metadata": {
      "event": "login",
      "outcome": "success",
      "username": "owner",
      "reason": "",
      "status_code": 200
    },
    "ip_address": "127.0.0.1",
    "user_agent": "",
    "created_at": "2026-03-11T04:25:28.705Z"
  }
},
{
  "model": "admin_panel.auditlog",
  "pk": 39,
  "fields": {
    "actor": [
      "editor"
    ],
    "action": "login",
    "entity_type": "auth",
    "entity_id": "10",
    "before_data": {},
    "after_data": {},
    "metadata": {
      "event": "login",
      "outcome": "success",
      "username": "editor",
      "reason": "",
      "status_code": 200
    },
    "ip_address": "127.0.0.1",
    "user_agent": "",
    "created_at": "2026-03-11T04:25:30.496Z"
  }
},
{
  "model": "admin_panel.auditlog",
  "pk": 40,
  "fields": {
    "actor": [
      "guest"
    ],
    "action": "login",
    "entity_type": "auth",
    "entity_id": "11",
    "before_data": {},
    "after_data": {},
    "metadata": {
      "event": "login",
      "outcome": "success",
      "username": "guest",
      "reason": "",
      "status_code": 200
    },
    "ip_address": "127.0.0.1",
    "user_agent": "",
    "created_at": "2026-03-11T04:25:31.624Z"
  }
},
{
  "model": "admin_panel.auditlog",
  "pk": 41,
  "fields": {
    "actor": [
      "owner"
    ],
    "action": "login",
    "entity_type": "auth",
    "entity_id": "9",
    "before_data": {},
    "after_data": {},
    "metadata": {
      "event": "login",
      "outcome": "success",
      "username": "owner",
      "reason": "",
      "status_code": 200
    },
    "ip_address": "127.0.0.1",
    "user_agent": "Mozilla/5.0 (Windows NT 10.0; Win64; x64) AppleWebKit/537.36 (KHTML, like Gecko) Chrome/145.0.0.0 Safari/537.36 Edg/145.0.0.0",
    "created_at": "2026-03-11T04:39:42.674Z"
  }
},
{
  "model": "admin_panel.auditlog",
  "pk": 42,
  "fields": {
    "actor": [
      "owner"
    ],
    "action": "login",
    "entity_type": "auth",
    "entity_id": "9",
    "before_data": {},
    "after_data": {},
    "metadata": {
      "event": "login",
      "outcome": "success",
      "username": "owner",
      "reason": "",
      "status_code": 200
    },
    "ip_address": "127.0.0.1",
    "user_agent": "Mozilla/5.0 (Windows NT 10.0; Win64; x64) AppleWebKit/537.36 (KHTML, like Gecko) Chrome/145.0.0.0 Safari/537.36",
    "created_at": "2026-03-11T05:00:39.970Z"
  }
},
{
  "model": "admin_panel.auditlog",
  "pk": 43,
  "fields": {
    "actor": [
      "editor"
    ],
    "action": "login",
    "entity_type": "auth",
    "entity_id": "10",
    "before_data": {},
    "after_data": {},
    "metadata": {
      "event": "login",
      "outcome": "success",
      "username": "editor",
      "reason": "",
      "status_code": 200
    },
    "ip_address": "127.0.0.1",
    "user_agent": "Mozilla/5.0 (Windows NT 10.0; Win64; x64) AppleWebKit/537.36 (KHTML, like Gecko) Chrome/145.0.0.0 Safari/537.36",
    "created_at": "2026-03-11T05:00:46.851Z"
  }
},
{
  "model": "admin_panel.auditlog",
  "pk": 44,
  "fields": {
    "actor": [
      "guest"
    ],
    "action": "login",
    "entity_type": "auth",
    "entity_id": "11",
    "before_data": {},
    "after_data": {},
    "metadata": {
      "event": "login",
      "outcome": "success",
      "username": "guest",
      "reason": "",
      "status_code": 200
    },
    "ip_address": "127.0.0.1",
    "user_agent": "Mozilla/5.0 (Windows NT 10.0; Win64; x64) AppleWebKit/537.36 (KHTML, like Gecko) Chrome/145.0.0.0 Safari/537.36",
    "created_at": "2026-03-11T05:00:50.723Z"
  }
},
{
  "model": "admin_panel.auditlog",
  "pk": 45,
  "fields": {
    "actor": [
      "admin"
    ],
    "action": "login",
    "entity_type": "auth",
    "entity_id": "2",
    "before_data": {},
    "after_data": {},
    "metadata": {
      "event": "login",
      "outcome": "success",
      "username": "admin",
      "reason": "",
      "status_code": 200
    },
    "ip_address": "127.0.0.1",
    "user_agent": "Mozilla/5.0 (Windows NT 10.0; Win64; x64) AppleWebKit/537.36 (KHTML, like Gecko) Chrome/145.0.0.0 Safari/537.36 Edg/145.0.0.0",
    "created_at": "2026-03-11T05:37:38.380Z"
  }
},
{
  "model": "admin_panel.auditlog",
  "pk": 46,
  "fields": {
    "actor": [
      "owner"
    ],
    "action": "login",
    "entity_type": "auth",
    "entity_id": "9",
    "before_data": {},
    "after_data": {},
    "metadata": {
      "event": "login",
      "outcome": "success",
      "username": "owner",
      "reason": "",
      "status_code": 200
    },
    "ip_address": "127.0.0.1",
    "user_agent": "Mozilla/5.0 (Windows NT 10.0; Win64; x64) AppleWebKit/537.36 (KHTML, like Gecko) Chrome/145.0.0.0 Safari/537.36 Edg/145.0.0.0",
    "created_at": "2026-03-11T05:38:28.957Z"
  }
},
{
  "model": "admin_panel.auditlog",
  "pk": 47,
  "fields": {
    "actor": null,
    "action": "login",
    "entity_type": "auth",
    "entity_id": "",
    "before_data": {},
    "after_data": {},
    "metadata": {
      "event": "login",
      "outcome": "failure",
      "username": "editor",
      "reason": "invalid_credentials",
      "status_code": 401
    },
    "ip_address": "127.0.0.1",
    "user_agent": "Mozilla/5.0 (Windows NT 10.0; Win64; x64) AppleWebKit/537.36 (KHTML, like Gecko) Chrome/145.0.0.0 Safari/537.36 Edg/145.0.0.0",
    "created_at": "2026-03-11T05:39:22.638Z"
  }
},
{
  "model": "admin_panel.auditlog",
  "pk": 48,
  "fields": {
    "actor": [
      "editor"
    ],
    "action": "login",
    "entity_type": "auth",
    "entity_id": "10",
    "before_data": {},
    "after_data": {},
    "metadata": {
      "event": "login",
      "outcome": "success",
      "username": "editor",
      "reason": "",
      "status_code": 200
    },
    "ip_address": "127.0.0.1",
    "user_agent": "Mozilla/5.0 (Windows NT 10.0; Win64; x64) AppleWebKit/537.36 (KHTML, like Gecko) Chrome/145.0.0.0 Safari/537.36 Edg/145.0.0.0",
    "created_at": "2026-03-11T05:39:37.118Z"
  }
},
{
  "model": "admin_panel.auditlog",
  "pk": 49,
  "fields": {
    "actor": [
      "guest"
    ],
    "action": "login",
    "entity_type": "auth",
    "entity_id": "11",
    "before_data": {},
    "after_data": {},
    "metadata": {
      "event": "login",
      "outcome": "success",
      "username": "guest",
      "reason": "",
      "status_code": 200
    },
    "ip_address": "127.0.0.1",
    "user_agent": "Mozilla/5.0 (Windows NT 10.0; Win64; x64) AppleWebKit/537.36 (KHTML, like Gecko) Chrome/145.0.0.0 Safari/537.36 Edg/145.0.0.0",
    "created_at": "2026-03-11T05:40:49.309Z"
  }
},
{
  "model": "admin_panel.auditlog",
  "pk": 50,
  "fields": {
    "actor": [
      "admin"
    ],
    "action": "login",
    "entity_type": "auth",
    "entity_id": "2",
    "before_data": {},
    "after_data": {},
    "metadata": {
      "event": "login",
      "outcome": "success",
      "username": "admin",
      "reason": "",
      "status_code": 200
    },
    "ip_address": "127.0.0.1",
    "user_agent": "Mozilla/5.0 (Windows NT 10.0; Win64; x64) AppleWebKit/537.36 (KHTML, like Gecko) Chrome/145.0.0.0 Safari/537.36 Edg/145.0.0.0",
    "created_at": "2026-03-11T05:41:42.251Z"
  }
},
{
  "model": "admin_panel.auditlog",
  "pk": 51,
  "fields": {
    "actor": null,
    "action": "login",
    "entity_type": "auth",
    "entity_id": "",
    "before_data": {},
    "after_data": {},
    "metadata": {
      "event": "login",
      "outcome": "failure",
      "username": "editor",
      "reason": "invalid_credentials",
      "status_code": 401
    },
    "ip_address": "127.0.0.1",
    "user_agent": "Mozilla/5.0 (Windows NT 10.0; Win64; x64) AppleWebKit/537.36 (KHTML, like Gecko) Chrome/145.0.0.0 Safari/537.36 Edg/145.0.0.0",
    "created_at": "2026-03-11T07:20:59.566Z"
  }
},
{
  "model": "admin_panel.auditlog",
  "pk": 52,
  "fields": {
    "actor": [
      "editor"
    ],
    "action": "login",
    "entity_type": "auth",
    "entity_id": "10",
    "before_data": {},
    "after_data": {},
    "metadata": {
      "event": "login",
      "outcome": "success",
      "username": "editor",
      "reason": "",
      "status_code": 200
    },
    "ip_address": "127.0.0.1",
    "user_agent": "Mozilla/5.0 (Windows NT 10.0; Win64; x64) AppleWebKit/537.36 (KHTML, like Gecko) Chrome/145.0.0.0 Safari/537.36 Edg/145.0.0.0",
    "created_at": "2026-03-11T07:21:08.482Z"
  }
},
{
  "model": "admin_panel.auditlog",
  "pk": 53,
  "fields": {
    "actor": [
      "admin"
    ],
    "action": "login",
    "entity_type": "auth",
    "entity_id": "2",
    "before_data": {},
    "after_data": {},
    "metadata": {
      "event": "login",
      "outcome": "success",
      "username": "admin",
      "reason": "",
      "status_code": 200
    },
    "ip_address": "127.0.0.1",
    "user_agent": "Mozilla/5.0 (Windows NT 10.0; Win64; x64) AppleWebKit/537.36 (KHTML, like Gecko) Chrome/145.0.0.0 Safari/537.36 Edg/145.0.0.0",
    "created_at": "2026-03-11T09:28:39.792Z"
  }
},
{
  "model": "admin_panel.auditlog",
  "pk": 54,
  "fields": {
    "actor": [
      "admin"
    ],
    "action": "login",
    "entity_type": "auth",
    "entity_id": "2",
    "before_data": {},
    "after_data": {},
    "metadata": {
      "event": "login",
      "outcome": "success",
      "username": "admin",
      "reason": "",
      "status_code": 200
    },
    "ip_address": "127.0.0.1",
    "user_agent": "Mozilla/5.0 (Windows NT 10.0; Win64; x64) AppleWebKit/537.36 (KHTML, like Gecko) Chrome/145.0.0.0 Safari/537.36 Edg/145.0.0.0",
    "created_at": "2026-03-11T09:54:54.035Z"
  }
},
{
  "model": "admin_panel.auditlog",
  "pk": 55,
  "fields": {
    "actor": [
      "admin"
    ],
    "action": "login",
    "entity_type": "auth",
    "entity_id": "2",
    "before_data": {},
    "after_data": {},
    "metadata": {
      "event": "login",
      "outcome": "success",
      "username": "admin",
      "reason": "",
      "status_code": 200
    },
    "ip_address": "127.0.0.1",
    "user_agent": "Mozilla/5.0 (Windows NT 10.0; Win64; x64) AppleWebKit/537.36 (KHTML, like Gecko) Chrome/145.0.0.0 Safari/537.36 Edg/145.0.0.0",
    "created_at": "2026-03-11T10:54:49.202Z"
  }
},
{
  "model": "admin_panel.auditlog",
  "pk": 56,
  "fields": {
    "actor": [
      "admin"
    ],
    "action": "login",
    "entity_type": "auth",
    "entity_id": "2",
    "before_data": {},
    "after_data": {},
    "metadata": {
      "event": "login",
      "outcome": "success",
      "username": "admin",
      "reason": "",
      "status_code": 200
    },
    "ip_address": "127.0.0.1",
    "user_agent": "Mozilla/5.0 (Windows NT 10.0; Win64; x64) AppleWebKit/537.36 (KHTML, like Gecko) Chrome/146.0.0.0 Safari/537.36 Edg/146.0.0.0",
    "created_at": "2026-03-16T07:16:09.619Z"
  }
},
{
  "model": "admin_panel.auditlog",
  "pk": 57,
  "fields": {
    "actor": [
      "admin"
    ],
    "action": "login",
    "entity_type": "auth",
    "entity_id": "2",
    "before_data": {},
    "after_data": {},
    "metadata": {
      "event": "login",
      "outcome": "success",
      "username": "admin",
      "reason": "",
      "status_code": 200
    },
    "ip_address": "127.0.0.1",
    "user_agent": "Mozilla/5.0 (Windows NT; Windows NT 10.0; ru-RU) WindowsPowerShell/5.1.26100.7920",
    "created_at": "2026-03-16T07:19:16.365Z"
  }
},
{
  "model": "admin_panel.auditlog",
  "pk": 58,
  "fields": {
    "actor": [
      "admin"
    ],
    "action": "login",
    "entity_type": "auth",
    "entity_id": "2",
    "before_data": {},
    "after_data": {},
    "metadata": {
      "event": "login",
      "outcome": "success",
      "username": "admin",
      "reason": "",
      "status_code": 200
    },
    "ip_address": "127.0.0.1",
    "user_agent": "Python-urllib/3.14",
    "created_at": "2026-03-16T07:19:42.103Z"
  }
},
{
  "model": "admin_panel.auditlog",
  "pk": 59,
  "fields": {
    "actor": [
      "admin"
    ],
    "action": "login",
    "entity_type": "auth",
    "entity_id": "2",
    "before_data": {},
    "after_data": {},
    "metadata": {
      "event": "login",
      "outcome": "success",
      "username": "admin",
      "reason": "",
      "status_code": 200
    },
    "ip_address": "127.0.0.1",
    "user_agent": "Python-urllib/3.14",
    "created_at": "2026-03-16T07:20:41.757Z"
  }
},
{
  "model": "admin_panel.auditlog",
  "pk": 60,
  "fields": {
    "actor": [
      "admin"
    ],
    "action": "login",
    "entity_type": "auth",
    "entity_id": "2",
    "before_data": {},
    "after_data": {},
    "metadata": {
      "event": "login",
      "outcome": "success",
      "username": "admin",
      "reason": "",
      "status_code": 200
    },
    "ip_address": "127.0.0.1",
    "user_agent": "Mozilla/5.0 (Windows NT 10.0; Win64; x64) AppleWebKit/537.36 (KHTML, like Gecko) Chrome/146.0.0.0 Safari/537.36 Edg/146.0.0.0",
    "created_at": "2026-03-16T07:21:56.562Z"
  }
},
{
  "model": "admin_panel.auditlog",
  "pk": 61,
  "fields": {
    "actor": [
      "owner"
    ],
    "action": "login",
    "entity_type": "auth",
    "entity_id": "9",
    "before_data": {},
    "after_data": {},
    "metadata": {
      "event": "login",
      "outcome": "success",
      "username": "owner",
      "reason": "",
      "status_code": 200
    },
    "ip_address": "127.0.0.1",
    "user_agent": "Mozilla/5.0 (Windows NT 10.0; Win64; x64) AppleWebKit/537.36 (KHTML, like Gecko) Chrome/146.0.0.0 Safari/537.36 Edg/146.0.0.0",
    "created_at": "2026-03-16T07:23:02.804Z"
  }
},
{
  "model": "admin_panel.auditlog",
  "pk": 62,
  "fields": {
    "actor": [
      "admin"
    ],
    "action": "login",
    "entity_type": "auth",
    "entity_id": "2",
    "before_data": {},
    "after_data": {},
    "metadata": {
      "event": "login",
      "outcome": "success",
      "username": "admin",
      "reason": "",
      "status_code": 200
    },
    "ip_address": "127.0.0.1",
    "user_agent": "Python-urllib/3.14",
    "created_at": "2026-03-16T07:26:10.136Z"
  }
},
{
  "model": "admin_panel.auditlog",
  "pk": 63,
  "fields": {
    "actor": [
      "admin"
    ],
    "action": "login",
    "entity_type": "auth",
    "entity_id": "2",
    "before_data": {},
    "after_data": {},
    "metadata": {
      "event": "login",
      "outcome": "success",
      "username": "admin",
      "reason": "",
      "status_code": 200
    },
    "ip_address": "127.0.0.1",
    "user_agent": "Mozilla/5.0 (Windows NT 10.0; Win64; x64) AppleWebKit/537.36 (KHTML, like Gecko) Chrome/146.0.0.0 Safari/537.36 Edg/146.0.0.0",
    "created_at": "2026-03-16T07:42:02.989Z"
  }
},
{
  "model": "admin_panel.auditlog",
  "pk": 64,
  "fields": {
    "actor": [
      "admin"
    ],
    "action": "login",
    "entity_type": "auth",
    "entity_id": "2",
    "before_data": {},
    "after_data": {},
    "metadata": {
      "event": "login",
      "outcome": "success",
      "username": "admin",
      "reason": "",
      "status_code": 200
    },
    "ip_address": "127.0.0.1",
    "user_agent": "Mozilla/5.0 (Windows NT 10.0; Win64; x64) AppleWebKit/537.36 (KHTML, like Gecko) Chrome/146.0.0.0 Safari/537.36 Edg/146.0.0.0",
    "created_at": "2026-03-16T09:22:12.677Z"
  }
},
{
  "model": "admin_panel.auditlog",
  "pk": 65,
  "fields": {
    "actor": [
      "admin"
    ],
    "action": "login",
    "entity_type": "auth",
    "entity_id": "2",
    "before_data": {},
    "after_data": {},
    "metadata": {
      "event": "login",
      "outcome": "success",
      "username": "admin",
      "reason": "",
      "status_code": 200
    },
    "ip_address": "127.0.0.1",
    "user_agent": "Mozilla/5.0 (Windows NT; Windows NT 10.0; ru-RU) WindowsPowerShell/5.1.26100.7920",
    "created_at": "2026-03-16T09:24:37.318Z"
  }
},
{
  "model": "admin_panel.auditlog",
  "pk": 66,
  "fields": {
    "actor": [
      "admin"
    ],
    "action": "login",
    "entity_type": "auth",
    "entity_id": "2",
    "before_data": {},
    "after_data": {},
    "metadata": {
      "event": "login",
      "outcome": "success",
      "username": "admin",
      "reason": "",
      "status_code": 200
    },
    "ip_address": "127.0.0.1",
    "user_agent": "Mozilla/5.0 (Windows NT; Windows NT 10.0; ru-RU) WindowsPowerShell/5.1.26100.7920",
    "created_at": "2026-03-16T09:28:12.999Z"
  }
},
{
  "model": "admin_panel.auditlog",
  "pk": 67,
  "fields": {
    "actor": [
      "admin"
    ],
    "action": "login",
    "entity_type": "auth",
    "entity_id": "2",
    "before_data": {},
    "after_data": {},
    "metadata": {
      "event": "login",
      "outcome": "success",
      "username": "admin",
      "reason": "",
      "status_code": 200
    },
    "ip_address": "127.0.0.1",
    "user_agent": "Mozilla/5.0 (Windows NT 10.0; Win64; x64) AppleWebKit/537.36 (KHTML, like Gecko) Chrome/146.0.0.0 Safari/537.36 Edg/146.0.0.0",
    "created_at": "2026-03-16T09:31:43.513Z"
  }
},
{
  "model": "admin_panel.auditlog",
  "pk": 68,
  "fields": {
    "actor": [
      "owner"
    ],
    "action": "login",
    "entity_type": "auth",
    "entity_id": "9",
    "before_data": {},
    "after_data": {},
    "metadata": {
      "event": "login",
      "outcome": "success",
      "username": "owner",
      "reason": "",
      "status_code": 200
    },
    "ip_address": "127.0.0.1",
    "user_agent": "Mozilla/5.0 (Windows NT 10.0; Win64; x64) AppleWebKit/537.36 (KHTML, like Gecko) Chrome/146.0.0.0 Safari/537.36 Edg/146.0.0.0",
    "created_at": "2026-03-16T09:32:47.212Z"
  }
},
{
  "model": "admin_panel.auditlog",
  "pk": 69,
  "fields": {
    "actor": [
      "admin"
    ],
    "action": "login",
    "entity_type": "auth",
    "entity_id": "2",
    "before_data": {},
    "after_data": {},
    "metadata": {
      "event": "login",
      "outcome": "success",
      "username": "admin",
      "reason": "",
      "status_code": 200
    },
    "ip_address": "127.0.0.1",
    "user_agent": "Mozilla/5.0 (Windows NT; Windows NT 10.0; ru-RU) WindowsPowerShell/5.1.26100.7920",
    "created_at": "2026-03-16T09:40:42.818Z"
  }
},
{
  "model": "admin_panel.auditlog",
  "pk": 70,
  "fields": {
    "actor": [
      "admin"
    ],
    "action": "login",
    "entity_type": "auth",
    "entity_id": "2",
    "before_data": {},
    "after_data": {},
    "metadata": {
      "event": "login",
      "outcome": "success",
      "username": "admin",
      "reason": "",
      "status_code": 200
    },
    "ip_address": "127.0.0.1",
    "user_agent": "Mozilla/5.0 (Windows NT 10.0; Win64; x64) AppleWebKit/537.36 (KHTML, like Gecko) Chrome/146.0.0.0 Safari/537.36 Edg/146.0.0.0",
    "created_at": "2026-03-16T09:47:46.129Z"
  }
},
{
  "model": "admin_panel.auditlog",
  "pk": 71,
  "fields": {
    "actor": [
      "owner"
    ],
    "action": "login",
    "entity_type": "auth",
    "entity_id": "9",
    "before_data": {},
    "after_data": {},
    "metadata": {
      "event": "login",
      "outcome": "success",
      "username": "owner",
      "reason": "",
      "status_code": 200
    },
    "ip_address": "127.0.0.1",
    "user_agent": "Mozilla/5.0 (Windows NT 10.0; Win64; x64) AppleWebKit/537.36 (KHTML, like Gecko) Chrome/146.0.0.0 Safari/537.36 Edg/146.0.0.0",
    "created_at": "2026-03-16T09:56:29.848Z"
  }
},
{
  "model": "admin_panel.auditlog",
  "pk": 72,
  "fields": {
    "actor": [
      "admin"
    ],
    "action": "login",
    "entity_type": "auth",
    "entity_id": "2",
    "before_data": {},
    "after_data": {},
    "metadata": {
      "event": "login",
      "outcome": "success",
      "username": "admin",
      "reason": "",
      "status_code": 200
    },
    "ip_address": "127.0.0.1",
    "user_agent": "Mozilla/5.0 (Windows NT 10.0; Win64; x64) AppleWebKit/537.36 (KHTML, like Gecko) Chrome/146.0.0.0 Safari/537.36 Edg/146.0.0.0",
    "created_at": "2026-03-16T10:08:22.722Z"
  }
},
{
  "model": "admin_panel.auditlog",
  "pk": 73,
  "fields": {
    "actor": [
      "admin"
    ],
    "action": "create",
    "entity_type": "technology",
    "entity_id": "27",
    "before_data": {},
    "after_data": {
      "id": 27,
      "name": "ваомтвво",
      "description": "вждламжвлм",
      "block": 1,
      "blocks": [
        1
      ],
      "function": "Буровые работы",
      "functionCoverage": [
        "Буровые работы",
        "Взрывные работы",
        "Геологические работы",
        "Лабораторные исследования",
        "Маркшейдерские работы",
        "Транспортировка",
        "Экскавация"
      ],
      "enterprises": [],
      "directions": [
        3
      ],
      "trlStage": 2,
      "status": "Внедрена",
      "vendors": [],
      "marketExamples": [],
      "documentationFiles": []
    },
    "metadata": {},
    "ip_address": "127.0.0.1",
    "user_agent": "Mozilla/5.0 (Windows NT 10.0; Win64; x64) AppleWebKit/537.36 (KHTML, like Gecko) Chrome/146.0.0.0 Safari/537.36 Edg/146.0.0.0",
    "created_at": "2026-03-16T10:09:37.299Z"
  }
},
{
  "model": "admin_panel.auditlog",
  "pk": 74,
  "fields": {
    "actor": [
      "admin"
    ],
    "action": "update",
    "entity_type": "technology",
    "entity_id": "27",
    "before_data": {
      "id": 27,
      "name": "ваомтвво",
      "description": "вждламжвлм",
      "block": 1,
      "blocks": [
        1
      ],
      "function": "Буровые работы",
      "functionCoverage": [
        "Буровые работы",
        "Взрывные работы",
        "Геологические работы",
        "Лабораторные исследования",
        "Маркшейдерские работы",
        "Транспортировка",
        "Экскавация"
      ],
      "enterprises": [],
      "directions": [
        3
      ],
      "trlStage": 2,
      "status": "Внедрена",
      "vendors": [],
      "marketExamples": [],
      "documentationFiles": []
    },
    "after_data": {
      "id": 27,
      "name": "ваомтвво",
      "description": "вждламжвлм",
      "block": 1,
      "blocks": [
        1
      ],
      "function": "Буровые работы",
      "functionCoverage": [
        "Буровые работы",
        "Взрывные работы",
        "Геологические работы",
        "Лабораторные исследования",
        "Маркшейдерские работы",
        "Транспортировка",
        "Экскавация"
      ],
      "enterprises": [
        {
          "enterpriseId": 1,
          "technologicalReadiness": null,
          "organizationalReadiness": null,
          "status": "planned"
        }
      ],
      "directions": [
        3
      ],
      "trlStage": 2,
      "status": "Внедрена",
      "vendors": [],
      "marketExamples": [],
      "documentationFiles": []
    },
    "metadata": {},
    "ip_address": "127.0.0.1",
    "user_agent": "Mozilla/5.0 (Windows NT 10.0; Win64; x64) AppleWebKit/537.36 (KHTML, like Gecko) Chrome/146.0.0.0 Safari/537.36 Edg/146.0.0.0",
    "created_at": "2026-03-16T10:09:49.261Z"
  }
},
{
  "model": "admin_panel.auditlog",
  "pk": 75,
  "fields": {
    "actor": [
      "admin"
    ],
    "action": "update",
    "entity_type": "technology",
    "entity_id": "27",
    "before_data": {
      "id": 27,
      "name": "ваомтвво",
      "description": "вждламжвлм",
      "block": 1,
      "blocks": [
        1
      ],
      "function": "Буровые работы",
      "functionCoverage": [
        "Буровые работы",
        "Взрывные работы",
        "Геологические работы",
        "Лабораторные исследования",
        "Маркшейдерские работы",
        "Транспортировка",
        "Экскавация"
      ],
      "enterprises": [
        {
          "enterpriseId": 1,
          "technologicalReadiness": null,
          "organizationalReadiness": null,
          "status": "planned"
        }
      ],
      "directions": [
        3
      ],
      "trlStage": 2,
      "status": "Внедрена",
      "vendors": [],
      "marketExamples": [],
      "documentationFiles": []
    },
    "after_data": {
      "id": 27,
      "name": "ваомтвво",
      "description": "вждламжвлм",
      "block": 1,
      "blocks": [
        1
      ],
      "function": "Буровые работы",
      "functionCoverage": [
        "Буровые работы",
        "Взрывные работы",
        "Геологические работы",
        "Лабораторные исследования",
        "Маркшейдерские работы",
        "Транспортировка",
        "Экскавация"
      ],
      "enterprises": [
        {
          "enterpriseId": 1,
          "technologicalReadiness": 2,
          "organizationalReadiness": 2,
          "status": "planned"
        }
      ],
      "directions": [
        3
      ],
      "trlStage": 2,
      "status": "Внедрена",
      "vendors": [],
      "marketExamples": [],
      "documentationFiles": []
    },
    "metadata": {},
    "ip_address": "127.0.0.1",
    "user_agent": "Mozilla/5.0 (Windows NT 10.0; Win64; x64) AppleWebKit/537.36 (KHTML, like Gecko) Chrome/146.0.0.0 Safari/537.36 Edg/146.0.0.0",
    "created_at": "2026-03-16T10:10:02.516Z"
  }
},
{
  "model": "admin_panel.auditlog",
  "pk": 76,
  "fields": {
    "actor": [
      "admin"
    ],
    "action": "delete",
    "entity_type": "technology",
    "entity_id": "27",
    "before_data": {
      "id": 27,
      "name": "ваомтвво",
      "description": "вждламжвлм",
      "block": 1,
      "blocks": [
        1
      ],
      "function": "Буровые работы",
      "functionCoverage": [
        "Буровые работы",
        "Взрывные работы",
        "Геологические работы",
        "Лабораторные исследования",
        "Маркшейдерские работы",
        "Транспортировка",
        "Экскавация"
      ],
      "enterprises": [
        {
          "enterpriseId": 1,
          "technologicalReadiness": 2,
          "organizationalReadiness": 2,
          "status": "planned"
        }
      ],
      "directions": [
        3
      ],
      "trlStage": 2,
      "status": "Внедрена",
      "vendors": [],
      "marketExamples": [],
      "documentationFiles": []
    },
    "after_data": {},
    "metadata": {},
    "ip_address": "127.0.0.1",
    "user_agent": "Mozilla/5.0 (Windows NT 10.0; Win64; x64) AppleWebKit/537.36 (KHTML, like Gecko) Chrome/146.0.0.0 Safari/537.36 Edg/146.0.0.0",
    "created_at": "2026-03-16T10:10:15.429Z"
  }
},
{
  "model": "admin_panel.auditlog",
  "pk": 77,
  "fields": {
    "actor": [
      "admin"
    ],
    "action": "login",
    "entity_type": "auth",
    "entity_id": "2",
    "before_data": {},
    "after_data": {},
    "metadata": {
      "event": "login",
      "outcome": "success",
      "username": "admin",
      "reason": "",
      "status_code": 200
    },
    "ip_address": "127.0.0.1",
    "user_agent": "Mozilla/5.0 (Windows NT 10.0; Win64; x64) AppleWebKit/537.36 (KHTML, like Gecko) Chrome/146.0.0.0 Safari/537.36 Edg/146.0.0.0",
    "created_at": "2026-03-16T12:58:17.520Z"
  }
},
{
  "model": "admin_panel.auditlog",
  "pk": 78,
  "fields": {
    "actor": [
      "admin"
    ],
    "action": "login",
    "entity_type": "auth",
    "entity_id": "2",
    "before_data": {},
    "after_data": {},
    "metadata": {
      "event": "login",
      "outcome": "success",
      "username": "admin",
      "reason": "",
      "status_code": 200
    },
    "ip_address": "127.0.0.1",
    "user_agent": "Mozilla/5.0 (Windows NT 10.0; Win64; x64) AppleWebKit/537.36 (KHTML, like Gecko) Chrome/146.0.0.0 Safari/537.36 Edg/146.0.0.0",
    "created_at": "2026-03-17T03:54:09.307Z"
  }
},
{
  "model": "admin_panel.auditlog",
  "pk": 79,
  "fields": {
    "actor": [
      "admin"
    ],
    "action": "login",
    "entity_type": "auth",
    "entity_id": "2",
    "before_data": {},
    "after_data": {},
    "metadata": {
      "event": "login",
      "outcome": "success",
      "username": "admin",
      "reason": "",
      "status_code": 200
    },
    "ip_address": "127.0.0.1",
    "user_agent": "Mozilla/5.0 (Windows NT 10.0; Win64; x64) AppleWebKit/537.36 (KHTML, like Gecko) Chrome/146.0.0.0 Safari/537.36 Edg/146.0.0.0",
    "created_at": "2026-03-17T10:13:10.757Z"
  }
},
{
  "model": "admin_panel.auditlog",
  "pk": 80,
  "fields": {
    "actor": [
      "admin"
    ],
    "action": "login",
    "entity_type": "auth",
    "entity_id": "2",
    "before_data": {},
    "after_data": {},
    "metadata": {
      "event": "login",
      "outcome": "success",
      "username": "admin",
      "reason": "",
      "status_code": 200
    },
    "ip_address": "127.0.0.1",
    "user_agent": "Mozilla/5.0 (Windows NT 10.0; Win64; x64) AppleWebKit/537.36 (KHTML, like Gecko) Chrome/146.0.0.0 Safari/537.36 Edg/146.0.0.0",
    "created_at": "2026-03-17T10:27:56.615Z"
  }
},
{
  "model": "admin_panel.auditlog",
  "pk": 81,
  "fields": {
    "actor": [
      "admin"
    ],
    "action": "update",
    "entity_type": "user",
    "entity_id": "6",
    "before_data": {
      "id": 6,
      "username": "analyst",
      "email": "",
      "role": "guest",
      "legacy_role": "",
      "is_active": true,
      "is_2fa_enabled": false,
      "created_at": "2026-03-04 11:58:32.803687+00:00",
      "updated_at": "2026-03-16 07:03:22.766415+00:00"
    },
    "after_data": {
      "id": 6,
      "username": "analyst",
      "email": "",
      "role": "editor",
      "legacy_role": "",
      "is_active": true,
      "is_2fa_enabled": false,
      "created_at": "2026-03-04 11:58:32.803687+00:00",
      "updated_at": "2026-03-17 10:38:49.180364+00:00"
    },
    "metadata": {},
    "ip_address": "127.0.0.1",
    "user_agent": "Mozilla/5.0 (Windows NT 10.0; Win64; x64) AppleWebKit/537.36 (KHTML, like Gecko) Chrome/146.0.0.0 Safari/537.36 Edg/146.0.0.0",
    "created_at": "2026-03-17T10:38:49.291Z"
  }
},
{
  "model": "admin_panel.auditlog",
  "pk": 82,
  "fields": {
    "actor": [
      "admin"
    ],
    "action": "delete",
    "entity_type": "user",
    "entity_id": "8",
    "before_data": {
      "id": 8,
      "username": "qr_debug_user",
      "email": "",
      "role": "guest",
      "legacy_role": "viewer",
      "is_active": true,
      "is_2fa_enabled": false,
      "created_at": "2026-03-05 07:00:03.311368+00:00",
      "updated_at": "2026-03-10 12:04:49.620942+00:00"
    },
    "after_data": {},
    "metadata": {},
    "ip_address": "127.0.0.1",
    "user_agent": "Mozilla/5.0 (Windows NT 10.0; Win64; x64) AppleWebKit/537.36 (KHTML, like Gecko) Chrome/146.0.0.0 Safari/537.36 Edg/146.0.0.0",
    "created_at": "2026-03-17T10:39:30.074Z"
  }
},
{
  "model": "admin_panel.auditlog",
  "pk": 83,
  "fields": {
    "actor": null,
    "action": "login",
    "entity_type": "auth",
    "entity_id": "",
    "before_data": {},
    "after_data": {},
    "metadata": {
      "event": "login",
      "outcome": "failure",
      "username": "editor",
      "reason": "invalid_credentials",
      "status_code": 401
    },
    "ip_address": "127.0.0.1",
    "user_agent": "Mozilla/5.0 (Windows NT 10.0; Win64; x64) AppleWebKit/537.36 (KHTML, like Gecko) Chrome/146.0.0.0 Safari/537.36 Edg/146.0.0.0",
    "created_at": "2026-03-17T11:21:11.797Z"
  }
},
{
  "model": "admin_panel.auditlog",
  "pk": 84,
  "fields": {
    "actor": [
      "editor"
    ],
    "action": "login",
    "entity_type": "auth",
    "entity_id": "10",
    "before_data": {},
    "after_data": {},
    "metadata": {
      "event": "login",
      "outcome": "success",
      "username": "editor",
      "reason": "",
      "status_code": 200
    },
    "ip_address": "127.0.0.1",
    "user_agent": "Mozilla/5.0 (Windows NT 10.0; Win64; x64) AppleWebKit/537.36 (KHTML, like Gecko) Chrome/146.0.0.0 Safari/537.36 Edg/146.0.0.0",
    "created_at": "2026-03-17T11:21:24.950Z"
  }
},
{
  "model": "admin_panel.auditlog",
  "pk": 85,
  "fields": {
    "actor": [
      "editor"
    ],
    "action": "create",
    "entity_type": "technology_proposal",
    "entity_id": "1",
    "before_data": {},
    "after_data": {
      "id": 1,
      "action": "create",
      "status": "draft",
      "technologyId": null,
      "payload": {
        "name": "Проверка",
        "description": "dvdfv",
        "block": 1,
        "blocks": [
          1
        ],
        "function": "Буровые работы",
        "functionCoverage": [
          "Буровые работы"
        ],
        "enterprises": [],
        "directions": [
          2
        ],
        "trlStage": 1,
        "status": "Внедрена",
        "vendors": [],
        "marketExamples": [],
        "documentationFiles": []
      },
      "comment": "",
      "review_comment": "",
      "created_by": {
        "id": 10,
        "username": "editor"
      },
      "reviewed_by": null,
      "reviewed_at": null,
      "created_at": "2026-03-17 11:22:57.187598+00:00",
      "updated_at": "2026-03-17 11:22:57.189614+00:00"
    },
    "metadata": {},
    "ip_address": "127.0.0.1",
    "user_agent": "Mozilla/5.0 (Windows NT 10.0; Win64; x64) AppleWebKit/537.36 (KHTML, like Gecko) Chrome/146.0.0.0 Safari/537.36 Edg/146.0.0.0",
    "created_at": "2026-03-17T11:22:57.472Z"
  }
},
{
  "model": "admin_panel.auditlog",
  "pk": 86,
  "fields": {
    "actor": [
      "editor"
    ],
    "action": "create",
    "entity_type": "technology_proposal",
    "entity_id": "2",
    "before_data": {},
    "after_data": {
      "id": 2,
      "action": "update",
      "status": "draft",
      "technologyId": 5,
      "payload": {
        "name": "Технология 5",
        "description": "Описание технологии 2",
        "block": 11,
        "blocks": [
          11,
          12
        ],
        "function": "Аккредитация",
        "functionCoverage": [
          "Аккредитация",
          "Бюджетирование проектов",
          "Ведение сводной отчетности",
          "Экономика труда",
          "Экономическая безопасность"
        ],
        "enterprises": [
          {
            "enterpriseId": 1,
            "technologicalReadiness": 3,
            "organizationalReadiness": 3,
            "status": "Невнедренна"
          },
          {
            "enterpriseId": 2,
            "technologicalReadiness": 1,
            "organizationalReadiness": 2,
            "status": "Невнедренна"
          },
          {
            "enterpriseId": 6,
            "technologicalReadiness": 2,
            "organizationalReadiness": 2,
            "status": "Невнедренна"
          }
        ],
        "directions": [
          2
        ],
        "trlStage": 2,
        "status": "planned",
        "vendors": [
          {
            "name": "Вендор 3",
            "integrators": [
              "Интегратор 2",
              "Интегратор 5"
            ]
          },
          {
            "name": "Вендор 4",
            "integrators": [
              "Интегратор 2",
              "Интегратор 4"
            ]
          }
        ],
        "marketExamples": [
          "Пример внедрения 5"
        ],
        "documentationFiles": [
          "Файл документации 3",
          "Файл документации 3",
          "Файл документации 3"
        ]
      },
      "comment": "",
      "review_comment": "",
      "created_by": {
        "id": 10,
        "username": "editor"
      },
      "reviewed_by": null,
      "reviewed_at": null,
      "created_at": "2026-03-17 11:23:27.352783+00:00",
      "updated_at": "2026-03-17 11:23:27.372068+00:00"
    },
    "metadata": {},
    "ip_address": "127.0.0.1",
    "user_agent": "Mozilla/5.0 (Windows NT 10.0; Win64; x64) AppleWebKit/537.36 (KHTML, like Gecko) Chrome/146.0.0.0 Safari/537.36 Edg/146.0.0.0",
    "created_at": "2026-03-17T11:23:27.416Z"
  }
},
{
  "model": "admin_panel.auditlog",
  "pk": 87,
  "fields": {
    "actor": [
      "admin"
    ],
    "action": "login",
    "entity_type": "auth",
    "entity_id": "2",
    "before_data": {},
    "after_data": {},
    "metadata": {
      "event": "login",
      "outcome": "success",
      "username": "admin",
      "reason": "",
      "status_code": 200
    },
    "ip_address": "127.0.0.1",
    "user_agent": "Mozilla/5.0 (Windows NT 10.0; Win64; x64) AppleWebKit/537.36 (KHTML, like Gecko) Chrome/146.0.0.0 Safari/537.36 Edg/146.0.0.0",
    "created_at": "2026-03-17T11:44:35.583Z"
  }
},
{
  "model": "admin_panel.auditlog",
  "pk": 88,
  "fields": {
    "actor": [
      "editor"
    ],
    "action": "login",
    "entity_type": "auth",
    "entity_id": "10",
    "before_data": {},
    "after_data": {},
    "metadata": {
      "event": "login",
      "outcome": "success",
      "username": "editor",
      "reason": "",
      "status_code": 200
    },
    "ip_address": "127.0.0.1",
    "user_agent": "Mozilla/5.0 (Windows NT 10.0; Win64; x64) AppleWebKit/537.36 (KHTML, like Gecko) Chrome/146.0.0.0 Safari/537.36 Edg/146.0.0.0",
    "created_at": "2026-03-17T11:46:06.048Z"
  }
},
{
  "model": "admin_panel.auditlog",
  "pk": 89,
  "fields": {
    "actor": [
      "editor"
    ],
    "action": "create",
    "entity_type": "technology_proposal",
    "entity_id": "3",
    "before_data": {},
    "after_data": {
      "id": 3,
      "action": "create",
      "status": "draft",
      "technologyId": null,
      "payload": {
        "name": "Пример",
        "description": "пример",
        "block": 1,
        "blocks": [
          1
        ],
        "function": "Взрывные работы",
        "functionCoverage": [
          "Взрывные работы"
        ],
        "enterprises": [],
        "directions": [
          1
        ],
        "trlStage": 2,
        "status": "Внедрена",
        "vendors": [],
        "marketExamples": [],
        "documentationFiles": []
      },
      "comment": "",
      "review_comment": "",
      "created_by": {
        "id": 10,
        "username": "editor"
      },
      "reviewed_by": null,
      "reviewed_at": null,
      "created_at": "2026-03-17 11:47:17.746832+00:00",
      "updated_at": "2026-03-17 11:47:17.746832+00:00"
    },
    "metadata": {},
    "ip_address": "127.0.0.1",
    "user_agent": "Mozilla/5.0 (Windows NT 10.0; Win64; x64) AppleWebKit/537.36 (KHTML, like Gecko) Chrome/146.0.0.0 Safari/537.36 Edg/146.0.0.0",
    "created_at": "2026-03-17T11:47:17.771Z"
  }
},
{
  "model": "admin_panel.auditlog",
  "pk": 90,
  "fields": {
    "actor": [
      "editor"
    ],
    "action": "create",
    "entity_type": "technology_proposal",
    "entity_id": "4",
    "before_data": {},
    "after_data": {
      "id": 4,
      "action": "update",
      "status": "draft",
      "technologyId": 5,
      "payload": {
        "name": "Технология 5",
        "description": "Описание технологии 2",
        "block": 11,
        "blocks": [
          11,
          12
        ],
        "function": "Аккредитация",
        "functionCoverage": [
          "Аккредитация",
          "Бюджетирование проектов",
          "Ведение сводной отчетности",
          "Экономика труда",
          "Экономическая безопасность"
        ],
        "enterprises": [
          {
            "enterpriseId": 1,
            "technologicalReadiness": 3,
            "organizationalReadiness": 3,
            "status": "Невнедренна"
          },
          {
            "enterpriseId": 2,
            "technologicalReadiness": 1,
            "organizationalReadiness": 2,
            "status": "Невнедренна"
          },
          {
            "enterpriseId": 6,
            "technologicalReadiness": 2,
            "organizationalReadiness": 2,
            "status": "Невнедренна"
          }
        ],
        "directions": [
          2
        ],
        "trlStage": 2,
        "status": "planned",
        "vendors": [
          {
            "name": "Вендор 3",
            "integrators": [
              "Интегратор 2",
              "Интегратор 5"
            ]
          },
          {
            "name": "Вендор 4",
            "integrators": [
              "Интегратор 2",
              "Интегратор 4"
            ]
          }
        ],
        "marketExamples": [
          "Пример внедрения 5"
        ],
        "documentationFiles": [
          "Файл документации 3",
          "Файл документации 3",
          "Файл документации 3"
        ]
      },
      "comment": "",
      "review_comment": "",
      "created_by": {
        "id": 10,
        "username": "editor"
      },
      "reviewed_by": null,
      "reviewed_at": null,
      "created_at": "2026-03-17 11:47:33.083176+00:00",
      "updated_at": "2026-03-17 11:47:33.083176+00:00"
    },
    "metadata": {},
    "ip_address": "127.0.0.1",
    "user_agent": "Mozilla/5.0 (Windows NT 10.0; Win64; x64) AppleWebKit/537.36 (KHTML, like Gecko) Chrome/146.0.0.0 Safari/537.36 Edg/146.0.0.0",
    "created_at": "2026-03-17T11:47:33.122Z"
  }
},
{
  "model": "admin_panel.auditlog",
  "pk": 91,
  "fields": {
    "actor": [
      "admin"
    ],
    "action": "login",
    "entity_type": "auth",
    "entity_id": "2",
    "before_data": {},
    "after_data": {},
    "metadata": {
      "event": "login",
      "outcome": "success",
      "username": "admin",
      "reason": "",
      "status_code": 200
    },
    "ip_address": "127.0.0.1",
    "user_agent": "Mozilla/5.0 (Windows NT 10.0; Win64; x64) AppleWebKit/537.36 (KHTML, like Gecko) Chrome/146.0.0.0 Safari/537.36 Edg/146.0.0.0",
    "created_at": "2026-03-17T11:47:52.278Z"
  }
},
{
  "model": "admin_panel.auditlog",
  "pk": 92,
  "fields": {
    "actor": [
      "editor"
    ],
    "action": "login",
    "entity_type": "auth",
    "entity_id": "10",
    "before_data": {},
    "after_data": {},
    "metadata": {
      "event": "login",
      "outcome": "success",
      "username": "editor",
      "reason": "",
      "status_code": 200
    },
    "ip_address": "127.0.0.1",
    "user_agent": "Mozilla/5.0 (Windows NT 10.0; Win64; x64) AppleWebKit/537.36 (KHTML, like Gecko) Chrome/146.0.0.0 Safari/537.36 Edg/146.0.0.0",
    "created_at": "2026-03-17T11:58:44.646Z"
  }
},
{
  "model": "admin_panel.auditlog",
  "pk": 93,
  "fields": {
    "actor": [
      "editor"
    ],
    "action": "create",
    "entity_type": "technology_proposal",
    "entity_id": "5",
    "before_data": {},
    "after_data": {
      "id": 5,
      "action": "create",
      "status": "draft",
      "technologyId": null,
      "payload": {
        "name": "Пример",
        "description": "Прмиер",
        "block": 2,
        "blocks": [
          2
        ],
        "function": "Крупное дробление",
        "functionCoverage": [
          "Крупное дробление"
        ],
        "enterprises": [],
        "directions": [
          2
        ],
        "trlStage": 3,
        "status": "Внедрена",
        "vendors": [],
        "marketExamples": [],
        "documentationFiles": []
      },
      "comment": "",
      "review_comment": "",
      "created_by": {
        "id": 10,
        "username": "editor"
      },
      "reviewed_by": null,
      "reviewed_at": null,
      "created_at": "2026-03-17 12:00:03.388318+00:00",
      "updated_at": "2026-03-17 12:00:03.388318+00:00"
    },
    "metadata": {},
    "ip_address": "127.0.0.1",
    "user_agent": "Mozilla/5.0 (Windows NT 10.0; Win64; x64) AppleWebKit/537.36 (KHTML, like Gecko) Chrome/146.0.0.0 Safari/537.36 Edg/146.0.0.0",
    "created_at": "2026-03-17T12:00:03.398Z"
  }
},
{
  "model": "admin_panel.auditlog",
  "pk": 94,
  "fields": {
    "actor": [
      "editor"
    ],
    "action": "create",
    "entity_type": "technology_proposal",
    "entity_id": "6",
    "before_data": {},
    "after_data": {
      "id": 6,
      "action": "update",
      "status": "draft",
      "technologyId": 5,
      "payload": {
        "name": "Технология 5",
        "description": "Описание технологии 2",
        "block": 11,
        "blocks": [
          11,
          12
        ],
        "function": "Аккредитация",
        "functionCoverage": [
          "Аккредитация",
          "Бюджетирование проектов",
          "Ведение сводной отчетности",
          "Экономика труда",
          "Экономическая безопасность"
        ],
        "enterprises": [
          {
            "enterpriseId": 1,
            "technologicalReadiness": 3,
            "organizationalReadiness": 3,
            "status": "Невнедренна"
          },
          {
            "enterpriseId": 2,
            "technologicalReadiness": 1,
            "organizationalReadiness": 2,
            "status": "Невнедренна"
          },
          {
            "enterpriseId": 6,
            "technologicalReadiness": 2,
            "organizationalReadiness": 2,
            "status": "Невнедренна"
          }
        ],
        "directions": [
          2
        ],
        "trlStage": 2,
        "status": "planned",
        "vendors": [
          {
            "name": "Вендор 3",
            "integrators": [
              "Интегратор 2",
              "Интегратор 5"
            ]
          },
          {
            "name": "Вендор 4",
            "integrators": [
              "Интегратор 2",
              "Интегратор 4"
            ]
          }
        ],
        "marketExamples": [
          "Пример внедрения 5"
        ],
        "documentationFiles": [
          "Файл документации 3",
          "Файл документации 3",
          "Файл документации 3"
        ]
      },
      "comment": "",
      "review_comment": "",
      "created_by": {
        "id": 10,
        "username": "editor"
      },
      "reviewed_by": null,
      "reviewed_at": null,
      "created_at": "2026-03-17 12:00:18.089830+00:00",
      "updated_at": "2026-03-17 12:00:18.089830+00:00"
    },
    "metadata": {},
    "ip_address": "127.0.0.1",
    "user_agent": "Mozilla/5.0 (Windows NT 10.0; Win64; x64) AppleWebKit/537.36 (KHTML, like Gecko) Chrome/146.0.0.0 Safari/537.36 Edg/146.0.0.0",
    "created_at": "2026-03-17T12:00:18.093Z"
  }
},
{
  "model": "admin_panel.auditlog",
  "pk": 95,
  "fields": {
    "actor": [
      "admin"
    ],
    "action": "login",
    "entity_type": "auth",
    "entity_id": "2",
    "before_data": {},
    "after_data": {},
    "metadata": {
      "event": "login",
      "outcome": "success",
      "username": "admin",
      "reason": "",
      "status_code": 200
    },
    "ip_address": "127.0.0.1",
    "user_agent": "Mozilla/5.0 (Windows NT 10.0; Win64; x64) AppleWebKit/537.36 (KHTML, like Gecko) Chrome/146.0.0.0 Safari/537.36 Edg/146.0.0.0",
    "created_at": "2026-03-17T12:00:46.263Z"
  }
},
{
  "model": "admin_panel.auditlog",
  "pk": 96,
  "fields": {
    "actor": [
      "admin"
    ],
    "action": "update",
    "entity_type": "technology_proposal",
    "entity_id": "2",
    "before_data": {
      "status": "draft"
    },
    "after_data": {
      "id": 2,
      "action": "update",
      "status": "rejected",
      "technologyId": 5,
      "payload": {
        "name": "Технология 5",
        "description": "Описание технологии 2",
        "block": 11,
        "blocks": [
          11,
          12
        ],
        "function": "Аккредитация",
        "functionCoverage": [
          "Аккредитация",
          "Бюджетирование проектов",
          "Ведение сводной отчетности",
          "Экономика труда",
          "Экономическая безопасность"
        ],
        "enterprises": [
          {
            "enterpriseId": 1,
            "technologicalReadiness": 3,
            "organizationalReadiness": 3,
            "status": "Невнедренна"
          },
          {
            "enterpriseId": 2,
            "technologicalReadiness": 1,
            "organizationalReadiness": 2,
            "status": "Невнедренна"
          },
          {
            "enterpriseId": 6,
            "technologicalReadiness": 2,
            "organizationalReadiness": 2,
            "status": "Невнедренна"
          }
        ],
        "directions": [
          2
        ],
        "trlStage": 2,
        "status": "planned",
        "vendors": [
          {
            "name": "Вендор 3",
            "integrators": [
              "Интегратор 2",
              "Интегратор 5"
            ]
          },
          {
            "name": "Вендор 4",
            "integrators": [
              "Интегратор 2",
              "Интегратор 4"
            ]
          }
        ],
        "marketExamples": [
          "Пример внедрения 5"
        ],
        "documentationFiles": [
          "Файл документации 3",
          "Файл документации 3",
          "Файл документации 3"
        ]
      },
      "comment": "",
      "review_comment": "",
      "created_by": {
        "id": 10,
        "username": "editor"
      },
      "reviewed_by": {
        "id": 2,
        "username": "admin"
      },
      "reviewed_at": "2026-03-17 12:01:41.367157+00:00",
      "created_at": "2026-03-17 11:23:27.352783+00:00",
      "updated_at": "2026-03-17 12:01:41.367157+00:00"
    },
    "metadata": {
      "decision": "reject"
    },
    "ip_address": "127.0.0.1",
    "user_agent": "Mozilla/5.0 (Windows NT 10.0; Win64; x64) AppleWebKit/537.36 (KHTML, like Gecko) Chrome/146.0.0.0 Safari/537.36 Edg/146.0.0.0",
    "created_at": "2026-03-17T12:01:41.376Z"
  }
},
{
  "model": "admin_panel.auditlog",
  "pk": 97,
  "fields": {
    "actor": [
      "admin"
    ],
    "action": "update",
    "entity_type": "technology_proposal",
    "entity_id": "1",
    "before_data": {
      "status": "draft"
    },
    "after_data": {
      "id": 1,
      "action": "create",
      "status": "rejected",
      "technologyId": null,
      "payload": {
        "name": "Проверка",
        "description": "dvdfv",
        "block": 1,
        "blocks": [
          1
        ],
        "function": "Буровые работы",
        "functionCoverage": [
          "Буровые работы"
        ],
        "enterprises": [],
        "directions": [
          2
        ],
        "trlStage": 1,
        "status": "Внедрена",
        "vendors": [],
        "marketExamples": [],
        "documentationFiles": []
      },
      "comment": "",
      "review_comment": "",
      "created_by": {
        "id": 10,
        "username": "editor"
      },
      "reviewed_by": {
        "id": 2,
        "username": "admin"
      },
      "reviewed_at": "2026-03-17 12:01:48.382310+00:00",
      "created_at": "2026-03-17 11:22:57.187598+00:00",
      "updated_at": "2026-03-17 12:01:48.382310+00:00"
    },
    "metadata": {
      "decision": "reject"
    },
    "ip_address": "127.0.0.1",
    "user_agent": "Mozilla/5.0 (Windows NT 10.0; Win64; x64) AppleWebKit/537.36 (KHTML, like Gecko) Chrome/146.0.0.0 Safari/537.36 Edg/146.0.0.0",
    "created_at": "2026-03-17T12:01:48.384Z"
  }
},
{
  "model": "admin_panel.auditlog",
  "pk": 98,
  "fields": {
    "actor": [
      "admin"
    ],
    "action": "update",
    "entity_type": "technology_proposal",
    "entity_id": "3",
    "before_data": {
      "status": "draft"
    },
    "after_data": {
      "id": 3,
      "action": "create",
      "status": "rejected",
      "technologyId": null,
      "payload": {
        "name": "Пример",
        "description": "пример",
        "block": 1,
        "blocks": [
          1
        ],
        "function": "Взрывные работы",
        "functionCoverage": [
          "Взрывные работы"
        ],
        "enterprises": [],
        "directions": [
          1
        ],
        "trlStage": 2,
        "status": "Внедрена",
        "vendors": [],
        "marketExamples": [],
        "documentationFiles": []
      },
      "comment": "",
      "review_comment": "",
      "created_by": {
        "id": 10,
        "username": "editor"
      },
      "reviewed_by": {
        "id": 2,
        "username": "admin"
      },
      "reviewed_at": "2026-03-17 12:01:49.532551+00:00",
      "created_at": "2026-03-17 11:47:17.746832+00:00",
      "updated_at": "2026-03-17 12:01:49.532551+00:00"
    },
    "metadata": {
      "decision": "reject"
    },
    "ip_address": "127.0.0.1",
    "user_agent": "Mozilla/5.0 (Windows NT 10.0; Win64; x64) AppleWebKit/537.36 (KHTML, like Gecko) Chrome/146.0.0.0 Safari/537.36 Edg/146.0.0.0",
    "created_at": "2026-03-17T12:01:49.541Z"
  }
},
{
  "model": "admin_panel.auditlog",
  "pk": 99,
  "fields": {
    "actor": [
      "admin"
    ],
    "action": "update",
    "entity_type": "technology_proposal",
    "entity_id": "4",
    "before_data": {
      "status": "draft"
    },
    "after_data": {
      "id": 4,
      "action": "update",
      "status": "rejected",
      "technologyId": 5,
      "payload": {
        "name": "Технология 5",
        "description": "Описание технологии 2",
        "block": 11,
        "blocks": [
          11,
          12
        ],
        "function": "Аккредитация",
        "functionCoverage": [
          "Аккредитация",
          "Бюджетирование проектов",
          "Ведение сводной отчетности",
          "Экономика труда",
          "Экономическая безопасность"
        ],
        "enterprises": [
          {
            "enterpriseId": 1,
            "technologicalReadiness": 3,
            "organizationalReadiness": 3,
            "status": "Невнедренна"
          },
          {
            "enterpriseId": 2,
            "technologicalReadiness": 1,
            "organizationalReadiness": 2,
            "status": "Невнедренна"
          },
          {
            "enterpriseId": 6,
            "technologicalReadiness": 2,
            "organizationalReadiness": 2,
            "status": "Невнедренна"
          }
        ],
        "directions": [
          2
        ],
        "trlStage": 2,
        "status": "planned",
        "vendors": [
          {
            "name": "Вендор 3",
            "integrators": [
              "Интегратор 2",
              "Интегратор 5"
            ]
          },
          {
            "name": "Вендор 4",
            "integrators": [
              "Интегратор 2",
              "Интегратор 4"
            ]
          }
        ],
        "marketExamples": [
          "Пример внедрения 5"
        ],
        "documentationFiles": [
          "Файл документации 3",
          "Файл документации 3",
          "Файл документации 3"
        ]
      },
      "comment": "",
      "review_comment": "",
      "created_by": {
        "id": 10,
        "username": "editor"
      },
      "reviewed_by": {
        "id": 2,
        "username": "admin"
      },
      "reviewed_at": "2026-03-17 12:01:51.013866+00:00",
      "created_at": "2026-03-17 11:47:33.083176+00:00",
      "updated_at": "2026-03-17 12:01:51.013866+00:00"
    },
    "metadata": {
      "decision": "reject"
    },
    "ip_address": "127.0.0.1",
    "user_agent": "Mozilla/5.0 (Windows NT 10.0; Win64; x64) AppleWebKit/537.36 (KHTML, like Gecko) Chrome/146.0.0.0 Safari/537.36 Edg/146.0.0.0",
    "created_at": "2026-03-17T12:01:51.030Z"
  }
},
{
  "model": "admin_panel.auditlog",
  "pk": 100,
  "fields": {
    "actor": [
      "admin"
    ],
    "action": "update",
    "entity_type": "technology_proposal",
    "entity_id": "6",
    "before_data": {
      "status": "draft"
    },
    "after_data": {
      "id": 6,
      "action": "update",
      "status": "rejected",
      "technologyId": 5,
      "payload": {
        "name": "Технология 5",
        "description": "Описание технологии 2",
        "block": 11,
        "blocks": [
          11,
          12
        ],
        "function": "Аккредитация",
        "functionCoverage": [
          "Аккредитация",
          "Бюджетирование проектов",
          "Ведение сводной отчетности",
          "Экономика труда",
          "Экономическая безопасность"
        ],
        "enterprises": [
          {
            "enterpriseId": 1,
            "technologicalReadiness": 3,
            "organizationalReadiness": 3,
            "status": "Невнедренна"
          },
          {
            "enterpriseId": 2,
            "technologicalReadiness": 1,
            "organizationalReadiness": 2,
            "status": "Невнедренна"
          },
          {
            "enterpriseId": 6,
            "technologicalReadiness": 2,
            "organizationalReadiness": 2,
            "status": "Невнедренна"
          }
        ],
        "directions": [
          2
        ],
        "trlStage": 2,
        "status": "planned",
        "vendors": [
          {
            "name": "Вендор 3",
            "integrators": [
              "Интегратор 2",
              "Интегратор 5"
            ]
          },
          {
            "name": "Вендор 4",
            "integrators": [
              "Интегратор 2",
              "Интегратор 4"
            ]
          }
        ],
        "marketExamples": [
          "Пример внедрения 5"
        ],
        "documentationFiles": [
          "Файл документации 3",
          "Файл документации 3",
          "Файл документации 3"
        ]
      },
      "comment": "",
      "review_comment": "",
      "created_by": {
        "id": 10,
        "username": "editor"
      },
      "reviewed_by": {
        "id": 2,
        "username": "admin"
      },
      "reviewed_at": "2026-03-17 12:16:59.154624+00:00",
      "created_at": "2026-03-17 12:00:18.089830+00:00",
      "updated_at": "2026-03-17 12:16:59.157175+00:00"
    },
    "metadata": {
      "decision": "reject"
    },
    "ip_address": "127.0.0.1",
    "user_agent": "Mozilla/5.0 (Windows NT 10.0; Win64; x64) AppleWebKit/537.36 (KHTML, like Gecko) Chrome/146.0.0.0 Safari/537.36 Edg/146.0.0.0",
    "created_at": "2026-03-17T12:16:59.168Z"
  }
},
{
  "model": "admin_panel.auditlog",
  "pk": 101,
  "fields": {
    "actor": [
      "admin"
    ],
    "action": "update",
    "entity_type": "technology_proposal",
    "entity_id": "5",
    "before_data": {
      "status": "draft"
    },
    "after_data": {
      "id": 5,
      "action": "create",
      "status": "rejected",
      "technologyId": null,
      "payload": {
        "name": "Пример",
        "description": "Прмиер",
        "block": 2,
        "blocks": [
          2
        ],
        "function": "Крупное дробление",
        "functionCoverage": [
          "Крупное дробление"
        ],
        "enterprises": [],
        "directions": [
          2
        ],
        "trlStage": 3,
        "status": "Внедрена",
        "vendors": [],
        "marketExamples": [],
        "documentationFiles": []
      },
      "comment": "",
      "review_comment": "",
      "created_by": {
        "id": 10,
        "username": "editor"
      },
      "reviewed_by": {
        "id": 2,
        "username": "admin"
      },
      "reviewed_at": "2026-03-17 12:17:00.597086+00:00",
      "created_at": "2026-03-17 12:00:03.388318+00:00",
      "updated_at": "2026-03-17 12:17:00.599103+00:00"
    },
    "metadata": {
      "decision": "reject"
    },
    "ip_address": "127.0.0.1",
    "user_agent": "Mozilla/5.0 (Windows NT 10.0; Win64; x64) AppleWebKit/537.36 (KHTML, like Gecko) Chrome/146.0.0.0 Safari/537.36 Edg/146.0.0.0",
    "created_at": "2026-03-17T12:17:00.617Z"
  }
},
{
  "model": "admin_panel.auditlog",
  "pk": 102,
  "fields": {
    "actor": [
      "editor"
    ],
    "action": "login",
    "entity_type": "auth",
    "entity_id": "10",
    "before_data": {},
    "after_data": {},
    "metadata": {
      "event": "login",
      "outcome": "success",
      "username": "editor",
      "reason": "",
      "status_code": 200
    },
    "ip_address": "127.0.0.1",
    "user_agent": "Mozilla/5.0 (Windows NT 10.0; Win64; x64) AppleWebKit/537.36 (KHTML, like Gecko) Chrome/146.0.0.0 Safari/537.36 Edg/146.0.0.0",
    "created_at": "2026-03-17T12:17:21.240Z"
  }
},
{
  "model": "admin_panel.auditlog",
  "pk": 103,
  "fields": {
    "actor": [
      "editor"
    ],
    "action": "create",
    "entity_type": "technology_proposal",
    "entity_id": "7",
    "before_data": {},
    "after_data": {
      "id": 7,
      "action": "create",
      "status": "draft",
      "technologyId": null,
      "payload": {
        "name": "Пример 2",
        "description": "Описание примера",
        "block": 1,
        "blocks": [
          1
        ],
        "function": "Буровые работы",
        "functionCoverage": [
          "Буровые работы",
          "Взрывные работы",
          "Геологические работы",
          "Лабораторные исследования",
          "Маркшейдерские работы",
          "Транспортировка",
          "Экскавация"
        ],
        "enterprises": [],
        "directions": [
          3
        ],
        "trlStage": 2,
        "status": "Внедрена",
        "vendors": [],
        "marketExamples": [],
        "documentationFiles": []
      },
      "comment": "",
      "review_comment": "",
      "created_by": {
        "id": 10,
        "username": "editor"
      },
      "reviewed_by": null,
      "reviewed_at": null,
      "created_at": "2026-03-17 12:18:28.504570+00:00",
      "updated_at": "2026-03-17 12:18:28.504570+00:00"
    },
    "metadata": {},
    "ip_address": "127.0.0.1",
    "user_agent": "Mozilla/5.0 (Windows NT 10.0; Win64; x64) AppleWebKit/537.36 (KHTML, like Gecko) Chrome/146.0.0.0 Safari/537.36 Edg/146.0.0.0",
    "created_at": "2026-03-17T12:18:28.517Z"
  }
},
{
  "model": "admin_panel.auditlog",
  "pk": 104,
  "fields": {
    "actor": [
      "editor"
    ],
    "action": "create",
    "entity_type": "technology_proposal",
    "entity_id": "8",
    "before_data": {},
    "after_data": {
      "id": 8,
      "action": "update",
      "status": "draft",
      "technologyId": 3,
      "payload": {
        "name": "Технология 3",
        "description": "Описание технологии 3",
        "block": 3,
        "blocks": [
          3,
          4
        ],
        "function": "Контроль качества сырья и материалов",
        "functionCoverage": [
          "Контроль качества сырья и материалов",
          "Складирование готовой продукции",
          "Транспортировка ГП",
          "Транспортировка сырья",
          "Шихтоподготовка",
          "Энергетика"
        ],
        "enterprises": [
          {
            "enterpriseId": 2
          },
          {
            "enterpriseId": 3
          }
        ],
        "directions": [
          1
        ],
        "trlStage": 1,
        "status": "planned",
        "vendors": [],
        "marketExamples": [
          "Пример внедрения 3"
        ],
        "documentationFiles": [
          "Файл документации 3",
          "Файл документации 3",
          "Файл документации 3"
        ]
      },
      "comment": "",
      "review_comment": "",
      "created_by": {
        "id": 10,
        "username": "editor"
      },
      "reviewed_by": null,
      "reviewed_at": null,
      "created_at": "2026-03-17 12:18:46.910496+00:00",
      "updated_at": "2026-03-17 12:18:46.910496+00:00"
    },
    "metadata": {},
    "ip_address": "127.0.0.1",
    "user_agent": "Mozilla/5.0 (Windows NT 10.0; Win64; x64) AppleWebKit/537.36 (KHTML, like Gecko) Chrome/146.0.0.0 Safari/537.36 Edg/146.0.0.0",
    "created_at": "2026-03-17T12:18:46.928Z"
  }
},
{
  "model": "admin_panel.auditlog",
  "pk": 105,
  "fields": {
    "actor": [
      "editor"
    ],
    "action": "create",
    "entity_type": "technology_proposal",
    "entity_id": "9",
    "before_data": {},
    "after_data": {
      "id": 9,
      "action": "delete",
      "status": "draft",
      "technologyId": 1,
      "payload": {},
      "comment": "",
      "review_comment": "",
      "created_by": {
        "id": 10,
        "username": "editor"
      },
      "reviewed_by": null,
      "reviewed_at": null,
      "created_at": "2026-03-17 12:18:56.725311+00:00",
      "updated_at": "2026-03-17 12:18:56.725311+00:00"
    },
    "metadata": {},
    "ip_address": "127.0.0.1",
    "user_agent": "Mozilla/5.0 (Windows NT 10.0; Win64; x64) AppleWebKit/537.36 (KHTML, like Gecko) Chrome/146.0.0.0 Safari/537.36 Edg/146.0.0.0",
    "created_at": "2026-03-17T12:18:56.731Z"
  }
},
{
  "model": "admin_panel.auditlog",
  "pk": 106,
  "fields": {
    "actor": [
      "admin"
    ],
    "action": "login",
    "entity_type": "auth",
    "entity_id": "2",
    "before_data": {},
    "after_data": {},
    "metadata": {
      "event": "login",
      "outcome": "success",
      "username": "admin",
      "reason": "",
      "status_code": 200
    },
    "ip_address": "127.0.0.1",
    "user_agent": "Mozilla/5.0 (Windows NT 10.0; Win64; x64) AppleWebKit/537.36 (KHTML, like Gecko) Chrome/146.0.0.0 Safari/537.36 Edg/146.0.0.0",
    "created_at": "2026-03-17T12:19:13.945Z"
  }
},
{
  "model": "admin_panel.auditlog",
  "pk": 107,
  "fields": {
    "actor": [
      "admin"
    ],
    "action": "create",
    "entity_type": "technology",
    "entity_id": "28",
    "before_data": {},
    "after_data": {
      "id": 28,
      "name": "Пример 2",
      "description": "Описание примера",
      "block": 1,
      "blocks": [
        1
      ],
      "function": "Буровые работы",
      "functionCoverage": [
        "Буровые работы",
        "Взрывные работы",
        "Геологические работы",
        "Лабораторные исследования",
        "Маркшейдерские работы",
        "Транспортировка",
        "Экскавация"
      ],
      "enterprises": [],
      "directions": [
        3
      ],
      "trlStage": 2,
      "status": "Внедрена",
      "vendors": [],
      "marketExamples": [],
      "documentationFiles": []
    },
    "metadata": {
      "source": "proposal_approve",
      "proposal_id": 7
    },
    "ip_address": "127.0.0.1",
    "user_agent": "Mozilla/5.0 (Windows NT 10.0; Win64; x64) AppleWebKit/537.36 (KHTML, like Gecko) Chrome/146.0.0.0 Safari/537.36 Edg/146.0.0.0",
    "created_at": "2026-03-17T12:20:19.327Z"
  }
},
{
  "model": "admin_panel.auditlog",
  "pk": 108,
  "fields": {
    "actor": [
      "admin"
    ],
    "action": "update",
    "entity_type": "technology_proposal",
    "entity_id": "7",
    "before_data": {
      "status": "draft"
    },
    "after_data": {
      "id": 7,
      "action": "create",
      "status": "approved",
      "technologyId": 28,
      "payload": {
        "name": "Пример 2",
        "description": "Описание примера",
        "block": 1,
        "blocks": [
          1
        ],
        "function": "Буровые работы",
        "functionCoverage": [
          "Буровые работы",
          "Взрывные работы",
          "Геологические работы",
          "Лабораторные исследования",
          "Маркшейдерские работы",
          "Транспортировка",
          "Экскавация"
        ],
        "enterprises": [],
        "directions": [
          3
        ],
        "trlStage": 2,
        "status": "Внедрена",
        "vendors": [],
        "marketExamples": [],
        "documentationFiles": []
      },
      "comment": "",
      "review_comment": "",
      "created_by": {
        "id": 10,
        "username": "editor"
      },
      "reviewed_by": {
        "id": 2,
        "username": "admin"
      },
      "reviewed_at": "2026-03-17 12:20:19.331465+00:00",
      "created_at": "2026-03-17 12:18:28.504570+00:00",
      "updated_at": "2026-03-17 12:20:19.331465+00:00"
    },
    "metadata": {
      "decision": "approve",
      "applied_technology_id": 28
    },
    "ip_address": "127.0.0.1",
    "user_agent": "Mozilla/5.0 (Windows NT 10.0; Win64; x64) AppleWebKit/537.36 (KHTML, like Gecko) Chrome/146.0.0.0 Safari/537.36 Edg/146.0.0.0",
    "created_at": "2026-03-17T12:20:19.331Z"
  }
},
{
  "model": "admin_panel.auditlog",
  "pk": 109,
  "fields": {
    "actor": [
      "admin"
    ],
    "action": "update",
    "entity_type": "technology_proposal",
    "entity_id": "9",
    "before_data": {
      "status": "draft"
    },
    "after_data": {
      "id": 9,
      "action": "delete",
      "status": "rejected",
      "technologyId": 1,
      "payload": {},
      "comment": "",
      "review_comment": "",
      "created_by": {
        "id": 10,
        "username": "editor"
      },
      "reviewed_by": {
        "id": 2,
        "username": "admin"
      },
      "reviewed_at": "2026-03-17 12:20:56.428061+00:00",
      "created_at": "2026-03-17 12:18:56.725311+00:00",
      "updated_at": "2026-03-17 12:20:56.428061+00:00"
    },
    "metadata": {
      "decision": "reject"
    },
    "ip_address": "127.0.0.1",
    "user_agent": "Mozilla/5.0 (Windows NT 10.0; Win64; x64) AppleWebKit/537.36 (KHTML, like Gecko) Chrome/146.0.0.0 Safari/537.36 Edg/146.0.0.0",
    "created_at": "2026-03-17T12:20:56.428Z"
  }
},
{
  "model": "admin_panel.auditlog",
  "pk": 110,
  "fields": {
    "actor": [
      "editor"
    ],
    "action": "login",
    "entity_type": "auth",
    "entity_id": "10",
    "before_data": {},
    "after_data": {},
    "metadata": {
      "event": "login",
      "outcome": "success",
      "username": "editor",
      "reason": "",
      "status_code": 200
    },
    "ip_address": "127.0.0.1",
    "user_agent": "Mozilla/5.0 (Windows NT 10.0; Win64; x64) AppleWebKit/537.36 (KHTML, like Gecko) Chrome/146.0.0.0 Safari/537.36 Edg/146.0.0.0",
    "created_at": "2026-03-17T12:34:04.163Z"
  }
},
{
  "model": "admin_panel.auditlog",
  "pk": 111,
  "fields": {
    "actor": [
      "editor"
    ],
    "action": "create",
    "entity_type": "technology_proposal",
    "entity_id": "10",
    "before_data": {},
    "after_data": {
      "id": 10,
      "action": "update",
      "status": "draft",
      "technologyId": 28,
      "payload": {
        "name": "Пример 2",
        "description": "Описание примера",
        "block": 1,
        "blocks": [
          1
        ],
        "function": "Буровые работы",
        "functionCoverage": [
          "Буровые работы",
          "Взрывные работы",
          "Геологические работы",
          "Лабораторные исследования",
          "Маркшейдерские работы",
          "Транспортировка",
          "Экскавация"
        ],
        "enterprises": [
          {
            "enterpriseId": 2
          }
        ],
        "directions": [
          3
        ],
        "trlStage": 2,
        "status": "Внедрена",
        "vendors": [],
        "marketExamples": [],
        "documentationFiles": []
      },
      "comment": "",
      "review_comment": "",
      "created_by": {
        "id": 10,
        "username": "editor"
      },
      "reviewed_by": null,
      "reviewed_at": null,
      "created_at": "2026-03-17 12:34:55.829677+00:00",
      "updated_at": "2026-03-17 12:34:55.829677+00:00"
    },
    "metadata": {},
    "ip_address": "127.0.0.1",
    "user_agent": "Mozilla/5.0 (Windows NT 10.0; Win64; x64) AppleWebKit/537.36 (KHTML, like Gecko) Chrome/146.0.0.0 Safari/537.36 Edg/146.0.0.0",
    "created_at": "2026-03-17T12:34:55.850Z"
  }
},
{
  "model": "admin_panel.auditlog",
  "pk": 112,
  "fields": {
    "actor": [
      "admin"
    ],
    "action": "login",
    "entity_type": "auth",
    "entity_id": "2",
    "before_data": {},
    "after_data": {},
    "metadata": {
      "event": "login",
      "outcome": "success",
      "username": "admin",
      "reason": "",
      "status_code": 200
    },
    "ip_address": "127.0.0.1",
    "user_agent": "Mozilla/5.0 (Windows NT 10.0; Win64; x64) AppleWebKit/537.36 (KHTML, like Gecko) Chrome/146.0.0.0 Safari/537.36 Edg/146.0.0.0",
    "created_at": "2026-03-17T12:35:13.435Z"
  }
},
{
  "model": "admin_panel.auditlog",
  "pk": 113,
  "fields": {
    "actor": [
      "admin"
    ],
    "action": "update",
    "entity_type": "technology",
    "entity_id": "28",
    "before_data": {
      "id": 28,
      "name": "Пример 2",
      "description": "Описание примера",
      "block": 1,
      "blocks": [
        1
      ],
      "function": "Буровые работы",
      "functionCoverage": [
        "Буровые работы",
        "Взрывные работы",
        "Геологические работы",
        "Лабораторные исследования",
        "Маркшейдерские работы",
        "Транспортировка",
        "Экскавация"
      ],
      "enterprises": [],
      "directions": [
        3
      ],
      "trlStage": 2,
      "status": "Внедрена",
      "vendors": [],
      "marketExamples": [],
      "documentationFiles": []
    },
    "after_data": {
      "id": 28,
      "name": "Пример 2",
      "description": "Описание примера",
      "block": 1,
      "blocks": [
        1
      ],
      "function": "Буровые работы",
      "functionCoverage": [
        "Буровые работы",
        "Взрывные работы",
        "Геологические работы",
        "Лабораторные исследования",
        "Маркшейдерские работы",
        "Транспортировка",
        "Экскавация"
      ],
      "enterprises": [
        {
          "enterpriseId": 2,
          "technologicalReadiness": null,
          "organizationalReadiness": null,
          "status": "planned"
        }
      ],
      "directions": [
        3
      ],
      "trlStage": 2,
      "status": "Внедрена",
      "vendors": [],
      "marketExamples": [],
      "documentationFiles": []
    },
    "metadata": {
      "source": "proposal_approve",
      "proposal_id": 10
    },
    "ip_address": "127.0.0.1",
    "user_agent": "Mozilla/5.0 (Windows NT 10.0; Win64; x64) AppleWebKit/537.36 (KHTML, like Gecko) Chrome/146.0.0.0 Safari/537.36 Edg/146.0.0.0",
    "created_at": "2026-03-17T12:35:54.808Z"
  }
},
{
  "model": "admin_panel.auditlog",
  "pk": 114,
  "fields": {
    "actor": [
      "admin"
    ],
    "action": "update",
    "entity_type": "technology_proposal",
    "entity_id": "10",
    "before_data": {
      "status": "draft"
    },
    "after_data": {
      "id": 10,
      "action": "update",
      "status": "approved",
      "technologyId": 28,
      "payload": {
        "name": "Пример 2",
        "description": "Описание примера",
        "block": 1,
        "blocks": [
          1
        ],
        "function": "Буровые работы",
        "functionCoverage": [
          "Буровые работы",
          "Взрывные работы",
          "Геологические работы",
          "Лабораторные исследования",
          "Маркшейдерские работы",
          "Транспортировка",
          "Экскавация"
        ],
        "enterprises": [
          {
            "enterpriseId": 2
          }
        ],
        "directions": [
          3
        ],
        "trlStage": 2,
        "status": "Внедрена",
        "vendors": [],
        "marketExamples": [],
        "documentationFiles": []
      },
      "comment": "",
      "review_comment": "",
      "created_by": {
        "id": 10,
        "username": "editor"
      },
      "reviewed_by": {
        "id": 2,
        "username": "admin"
      },
      "reviewed_at": "2026-03-17 12:35:54.812741+00:00",
      "created_at": "2026-03-17 12:34:55.829677+00:00",
      "updated_at": "2026-03-17 12:35:54.812741+00:00"
    },
    "metadata": {
      "decision": "approve",
      "applied_technology_id": 28
    },
    "ip_address": "127.0.0.1",
    "user_agent": "Mozilla/5.0 (Windows NT 10.0; Win64; x64) AppleWebKit/537.36 (KHTML, like Gecko) Chrome/146.0.0.0 Safari/537.36 Edg/146.0.0.0",
    "created_at": "2026-03-17T12:35:54.812Z"
  }
},
{
  "model": "admin_panel.auditlog",
  "pk": 115,
  "fields": {
    "actor": [
      "admin"
    ],
    "action": "update",
    "entity_type": "technology_proposal",
    "entity_id": "8",
    "before_data": {
      "status": "draft"
    },
    "after_data": {
      "id": 8,
      "action": "update",
      "status": "rejected",
      "technologyId": 3,
      "payload": {
        "name": "Технология 3",
        "description": "Описание технологии 3",
        "block": 3,
        "blocks": [
          3,
          4
        ],
        "function": "Контроль качества сырья и материалов",
        "functionCoverage": [
          "Контроль качества сырья и материалов",
          "Складирование готовой продукции",
          "Транспортировка ГП",
          "Транспортировка сырья",
          "Шихтоподготовка",
          "Энергетика"
        ],
        "enterprises": [
          {
            "enterpriseId": 2
          },
          {
            "enterpriseId": 3
          }
        ],
        "directions": [
          1
        ],
        "trlStage": 1,
        "status": "planned",
        "vendors": [],
        "marketExamples": [
          "Пример внедрения 3"
        ],
        "documentationFiles": [
          "Файл документации 3",
          "Файл документации 3",
          "Файл документации 3"
        ]
      },
      "comment": "",
      "review_comment": "",
      "created_by": {
        "id": 10,
        "username": "editor"
      },
      "reviewed_by": {
        "id": 2,
        "username": "admin"
      },
      "reviewed_at": "2026-03-17 12:36:01.700430+00:00",
      "created_at": "2026-03-17 12:18:46.910496+00:00",
      "updated_at": "2026-03-17 12:36:01.700430+00:00"
    },
    "metadata": {
      "decision": "reject"
    },
    "ip_address": "127.0.0.1",
    "user_agent": "Mozilla/5.0 (Windows NT 10.0; Win64; x64) AppleWebKit/537.36 (KHTML, like Gecko) Chrome/146.0.0.0 Safari/537.36 Edg/146.0.0.0",
    "created_at": "2026-03-17T12:36:01.709Z"
  }
},
{
  "model": "admin_panel.auditlog",
  "pk": 116,
  "fields": {
    "actor": [
      "admin"
    ],
    "action": "delete",
    "entity_type": "technology",
    "entity_id": "28",
    "before_data": {
      "id": 28,
      "name": "Пример 2",
      "description": "Описание примера",
      "block": 1,
      "blocks": [
        1
      ],
      "function": "Буровые работы",
      "functionCoverage": [
        "Буровые работы",
        "Взрывные работы",
        "Геологические работы",
        "Лабораторные исследования",
        "Маркшейдерские работы",
        "Транспортировка",
        "Экскавация"
      ],
      "enterprises": [
        {
          "enterpriseId": 2,
          "technologicalReadiness": null,
          "organizationalReadiness": null,
          "status": "planned"
        }
      ],
      "directions": [
        3
      ],
      "trlStage": 2,
      "status": "Внедрена",
      "vendors": [],
      "marketExamples": [],
      "documentationFiles": []
    },
    "after_data": {},
    "metadata": {},
    "ip_address": "127.0.0.1",
    "user_agent": "Mozilla/5.0 (Windows NT 10.0; Win64; x64) AppleWebKit/537.36 (KHTML, like Gecko) Chrome/146.0.0.0 Safari/537.36 Edg/146.0.0.0",
    "created_at": "2026-03-17T12:36:24.528Z"
  }
}
]
